-- phpMyAdmin SQL Dump
-- version 5.2.1
-- https://www.phpmyadmin.net/
--
-- Máy chủ: 127.0.0.1
-- Thời gian đã tạo: Th3 23, 2024 lúc 04:58 PM
-- Phiên bản máy phục vụ: 10.4.32-MariaDB
-- Phiên bản PHP: 8.2.12

SET SQL_MODE = "NO_AUTO_VALUE_ON_ZERO";
START TRANSACTION;
SET time_zone = "+00:00";


/*!40101 SET @OLD_CHARACTER_SET_CLIENT=@@CHARACTER_SET_CLIENT */;
/*!40101 SET @OLD_CHARACTER_SET_RESULTS=@@CHARACTER_SET_RESULTS */;
/*!40101 SET @OLD_COLLATION_CONNECTION=@@COLLATION_CONNECTION */;
/*!40101 SET NAMES utf8mb4 */;

--
-- Cơ sở dữ liệu: `duan1`
--

-- --------------------------------------------------------

--
-- Cấu trúc bảng cho bảng `banner`
--

CREATE TABLE `banner` (
  `id_banner` int(11) NOT NULL,
  `img` varchar(255) NOT NULL,
  `link` varchar(255) NOT NULL
) ENGINE=InnoDB DEFAULT CHARSET=utf8mb4 COLLATE=utf8mb4_general_ci;

--
-- Đang đổ dữ liệu cho bảng `banner`
--

INSERT INTO `banner` (`id_banner`, `img`, `link`) VALUES
(14, 'banner1.png', 'index.php?act=allsp'),
(15, 'banner2.png', 'index.php?act=sanphamchitiet&id=95'),
(16, 'banner3.png', 'index.php?act=sanphamchitiet&id=75'),
(17, 'banner4.png', 'index.php?act=sanpham&id=22'),
(18, 'banner5.png', 'index.php?act=sanpham&id=19'),
(19, 'banner6.png', 'index.php?act=sanpham&id=23');

-- --------------------------------------------------------

--
-- Cấu trúc bảng cho bảng `binh_luan`
--

CREATE TABLE `binh_luan` (
  `id_binh_luan` int(11) NOT NULL,
  `ten_dang_nhap` varchar(255) NOT NULL,
  `danh_gia` varchar(255) NOT NULL,
  `noi_dung` text NOT NULL,
  `ngay_binh_luan` varchar(50) NOT NULL,
  `id_san_pham` int(11) NOT NULL,
  `id_tai_khoan` int(11) NOT NULL
) ENGINE=InnoDB DEFAULT CHARSET=utf8mb4 COLLATE=utf8mb4_general_ci;

--
-- Đang đổ dữ liệu cho bảng `binh_luan`
--

INSERT INTO `binh_luan` (`id_binh_luan`, `ten_dang_nhap`, `danh_gia`, `noi_dung`, `ngay_binh_luan`, `id_san_pham`, `id_tai_khoan`) VALUES
(12, 'hhai03', 'Tốt', 'sản phẩm oke nè', '0000-00-00', 63, 10),
(13, 'hhai03', 'Tốt', 'điện thoại đẹp thế', '09:20:20am 29/11/2023', 57, 10);

-- --------------------------------------------------------

--
-- Cấu trúc bảng cho bảng `cart`
--

CREATE TABLE `cart` (
  `id_cart` int(11) NOT NULL,
  `id_tai_khoan` int(11) NOT NULL,
  `id_san_pham` int(11) NOT NULL,
  `img` varchar(255) DEFAULT NULL,
  `ten_san_pham` varchar(255) DEFAULT NULL,
  `gia` float NOT NULL DEFAULT 0,
  `dung_luong` varchar(255) NOT NULL,
  `soluong` int(3) NOT NULL,
  `thanh_tien` float NOT NULL,
  `id_hoa_don` int(11) NOT NULL
) ENGINE=InnoDB DEFAULT CHARSET=utf8mb4 COLLATE=utf8mb4_general_ci;

--
-- Đang đổ dữ liệu cho bảng `cart`
--

INSERT INTO `cart` (`id_cart`, `id_tai_khoan`, `id_san_pham`, `img`, `ten_san_pham`, `gia`, `dung_luong`, `soluong`, `thanh_tien`, `id_hoa_don`) VALUES
(61, 10, 96, '0022445_midnight_550.jpeg', 'Apple Watch SE 2023 GPS + Cellular Sport Loop', 7390000, '40mm', 1, 7390000, 55),
(62, 10, 63, '15 blue.jpeg', 'iPhone 15 128GB', 21990000, '128GB', 1, 21990000, 55),
(63, 27, 57, '15pro_titan_tu_nhien.jpeg', 'iPhone 15 pro', 27550000, '256GB', 2, 55100000, 56),
(64, 27, 58, '0022638_space-gray_550.jpeg', 'MacBook Pro 14 inch M3 Max 2023 (36GB RAM| 30 Core GPU| 1TB SSD)', 79990000, '1TB', 2, 159980000, 56),
(65, 27, 85, '0000635_macbook-pro-16-m1-pro-16-core16gb512ssd_550.png', 'MacBook Pro 16 M1 Pro (16 Core/16GB/512SSD)', 46990000, '512GB', 2, 93980000, 56),
(66, 10, 98, '0011850_silver_550.webp', ' Apple Watch SE 2022 Nhôm GPS + Cellular', 7190000, '40mm', 1, 7190000, 57),
(67, 10, 59, '0010892_ipad-pro-m1-129-inch-wifi-cellular-512gb_550.webp', 'iPad Pro M1 12.9 WiFi Cellular 512GB', 32990000, '512GB', 1, 32990000, 58),
(68, 10, 103, '0006795_iphone-12-64gb_550.png', ' iPhone 12 64GB', 12790000, '64GB', 7, 51160000, 58),
(69, 10, 77, '0010884_ipad-pro-m1-129-inch-wifi-cellular-512gb_550.webp', ' iPad Pro M1 12.9 WiFi Cellular 512GB', 32990000, '512GB', 2, 65980000, 59),
(70, 10, 93, '0021516_blue_550 (1).jpeg', 'Apple Watch Ultra 2 GPS + Cellular 49mm Ocean Band', 21490000, 'S/M', 1, 21490000, 59),
(71, 27, 58, '0022638_space-gray_550.jpeg', 'MacBook Pro 14 inch M3 Max 2023 (36GB RAM| 30 Core GPU| 1TB SSD)', 79990000, '1TB', 1, 79990000, 60),
(72, 10, 57, '15pro_titan_tu_nhien.jpeg', 'iPhone 15 pro', 27550000, '256GB', 1, 27550000, 61),
(73, 10, 57, '15pro_titan_tu_nhien.jpeg', 'iPhone 15 pro', 27550000, '256GB', 1, 27550000, 62),
(74, 10, 57, '15pro_titan_tu_nhien.jpeg', 'iPhone 15 pro', 27550000, '256GB', 1, 27550000, 63);

-- --------------------------------------------------------

--
-- Cấu trúc bảng cho bảng `danh_muc`
--

CREATE TABLE `danh_muc` (
  `id_danh_muc` int(11) NOT NULL,
  `ten_danh_muc` varchar(255) NOT NULL,
  `mo_ta` text NOT NULL
) ENGINE=InnoDB DEFAULT CHARSET=utf8mb4 COLLATE=utf8mb4_general_ci;

--
-- Đang đổ dữ liệu cho bảng `danh_muc`
--

INSERT INTO `danh_muc` (`id_danh_muc`, `ten_danh_muc`, `mo_ta`) VALUES
(16, 'iPhone', 'Sản phẩm điện thoại thông minh nhà Apple'),
(19, 'MacBook', 'Sản phẩm laptop của Apple'),
(22, 'iPad', 'Sản phẩm máy tính bảng của Apple\r\n'),
(23, 'Watch', 'Sản phẩm đồng hồ thông minh của Apple');

-- --------------------------------------------------------

--
-- Cấu trúc bảng cho bảng `hoa_don`
--

CREATE TABLE `hoa_don` (
  `id_hoa_don` int(11) NOT NULL,
  `ho_ten` varchar(255) NOT NULL,
  `sdt` varchar(255) NOT NULL,
  `email` varchar(255) NOT NULL,
  `dia_chi` varchar(255) NOT NULL,
  `pttt` tinyint(1) NOT NULL DEFAULT 1 COMMENT '1.thanhtoankhinhanhang',
  `ngay_dat_hang` varchar(50) DEFAULT NULL,
  `tong_tien` float NOT NULL,
  `trang_thai` tinyint(1) DEFAULT 1 COMMENT '1.Chờ xác nhận 2.Đang Chuẩn Bị 3.Đang Giao Hàng 4.Giao Thành Công',
  `id_tai_khoan` int(11) NOT NULL
) ENGINE=InnoDB DEFAULT CHARSET=utf8mb4 COLLATE=utf8mb4_general_ci;

--
-- Đang đổ dữ liệu cho bảng `hoa_don`
--

INSERT INTO `hoa_don` (`id_hoa_don`, `ho_ten`, `sdt`, `email`, `dia_chi`, `pttt`, `ngay_dat_hang`, `tong_tien`, `trang_thai`, `id_tai_khoan`) VALUES
(56, 'Người Mua Nhiều Hàng Nhất', '0917555305', 'hoanghai07092003@gmail.com', 'Thôn An Quỳnh, xã Phúc Thịnh, Chiêm Hóa, Tuyên Quang', 1, '03:33:08pm 06/12/2023', 216342000, 1, 27),
(59, 'Ma Hoàng Hải', '94 Hồ Tùng Mậu, Hà Nội', 'haimhph33857@fpt.edu.vn', '0917555305', 1, '10:03:42am 07/12/2023', 69976000, 1, 10),
(61, 'Ma Hoàng Hải', '0917555305', 'haimhph33857@fpt.edu.vn', 'Số 14, Ngách 94/5, Ngõ 94 Hồ Tùng Mậu, Mai Dịch, Cầu Giấy, Hà Nội', 1, '01:04:53am 09/12/2023', 27550000, 1, 10),
(62, 'Ma Hoàng Hải', '0917555305', 'haimhph33857@fpt.edu.vn', 'Số 14, Ngách 94/5, Ngõ 94 Hồ Tùng Mậu, Mai Dịch, Cầu Giấy, Hà Nội', 1, '10:06:43am 23/03/2024', 22040000, 1, 10),
(63, 'Ma Hoàng Hải', '0917555305', 'haimhph33857@fpt.edu.vn', 'Số 14, Ngách 94/5, Ngõ 94 Hồ Tùng Mậu, Mai Dịch, Cầu Giấy, Hà Nội', 1, '10:43:56am 23/03/2024', 27550000, 1, 10);

-- --------------------------------------------------------

--
-- Cấu trúc bảng cho bảng `khuyen_mai`
--

CREATE TABLE `khuyen_mai` (
  `id_khuyen_mai` int(11) NOT NULL,
  `ma_khuyen_mai` varchar(255) NOT NULL,
  `phan_tram_khuyen_mai` int(11) NOT NULL,
  `ngay_bat_dau` date NOT NULL,
  `ngay_ket_thuc` date NOT NULL,
  `mo_ta` text NOT NULL,
  `trang_thai` varchar(255) NOT NULL
) ENGINE=InnoDB DEFAULT CHARSET=utf8mb4 COLLATE=utf8mb4_general_ci;

--
-- Đang đổ dữ liệu cho bảng `khuyen_mai`
--

INSERT INTO `khuyen_mai` (`id_khuyen_mai`, `ma_khuyen_mai`, `phan_tram_khuyen_mai`, `ngay_bat_dau`, `ngay_ket_thuc`, `mo_ta`, `trang_thai`) VALUES
(3, 'tangban20', 20, '2003-11-21', '2003-11-24', 'Giảm giá đến 20%', 'ON'),
(4, 'sale30', 30, '2023-11-23', '2023-12-20', 'sale cuối năm', 'ON');

-- --------------------------------------------------------

--
-- Cấu trúc bảng cho bảng `lien_he`
--

CREATE TABLE `lien_he` (
  `id_lien_he` int(11) NOT NULL,
  `ho_ten` varchar(255) NOT NULL,
  `email` varchar(255) NOT NULL,
  `sdt` varchar(255) NOT NULL,
  `noi_dung` text NOT NULL,
  `trang_thai` varchar(255) NOT NULL
) ENGINE=InnoDB DEFAULT CHARSET=utf8mb4 COLLATE=utf8mb4_general_ci;

--
-- Đang đổ dữ liệu cho bảng `lien_he`
--

INSERT INTO `lien_he` (`id_lien_he`, `ho_ten`, `email`, `sdt`, `noi_dung`, `trang_thai`) VALUES
(15, '', '', '', '', '');

-- --------------------------------------------------------

--
-- Cấu trúc bảng cho bảng `phan_quyen`
--

CREATE TABLE `phan_quyen` (
  `id_phan_quyen` int(11) NOT NULL,
  `ten_chuc_nang` varchar(255) NOT NULL,
  `mo_ta` varchar(255) NOT NULL
) ENGINE=InnoDB DEFAULT CHARSET=utf8mb4 COLLATE=utf8mb4_general_ci;

--
-- Đang đổ dữ liệu cho bảng `phan_quyen`
--

INSERT INTO `phan_quyen` (`id_phan_quyen`, `ten_chuc_nang`, `mo_ta`) VALUES
(4, 'Admin', 'Quản lý CRUD'),
(10, 'Người dùng', 'Chỉ sử dụng trang của User');

-- --------------------------------------------------------

--
-- Cấu trúc bảng cho bảng `san_pham`
--

CREATE TABLE `san_pham` (
  `id_san_pham` int(11) NOT NULL,
  `ten_san_pham` varchar(255) NOT NULL,
  `img` varchar(255) NOT NULL,
  `gia` float NOT NULL,
  `gia_sale` float NOT NULL,
  `mau` varchar(255) NOT NULL,
  `dung_luong` varchar(255) NOT NULL,
  `ngay_nhap` date NOT NULL,
  `mo_ta_sp` text NOT NULL,
  `id_danh_muc` int(11) NOT NULL
) ENGINE=InnoDB DEFAULT CHARSET=utf8mb4 COLLATE=utf8mb4_general_ci;

--
-- Đang đổ dữ liệu cho bảng `san_pham`
--

INSERT INTO `san_pham` (`id_san_pham`, `ten_san_pham`, `img`, `gia`, `gia_sale`, `mau`, `dung_luong`, `ngay_nhap`, `mo_ta_sp`, `id_danh_muc`) VALUES
(57, 'iPhone 15 pro', '15pro_titan_tu_nhien.jpeg', 27550000, 31550000, 'bg-secondary', '256GB', '2023-11-21', 'Màu sắc	Titan Tự NhiênTitan XanhTitan Trắng Titan ĐenDung lượng	128GB256GB512GB1TBKích thước và Trọng lượng	Dài: 146,6 mmRộng: 70,6 mmDày: 8,25 mmTrọng lượng: 187 gramĐộ phân giải màn hình	2556 x 1179 PixelChống nước - Chống bụi	Đạt mức IP68 (chống nước ở độ sâu tối đa 6 mét trong vòng tối đa 30 phút) theo tiêu chuẩn IEC 60529Chip	Chip A17 ProCPU 6 lõiGPU 6 lõiNeural Engine 16 lõiQuay video	Quay video 4K ở tốc độ 24 fps, 25 fps, 30 fps, hoặc 60 fpsQuay video HD 1080p ở tốc độ 25 fps, 30 fps, hoặc 60 fpsChế độ Điện Ảnh để quay video với độ sâu trường ảnh nông (lên đến 4K HDR ở tốc độ 30 fps)Chế độ Hành ĐộngQuay video HDR với công nghệ Dolby Vision lên đến 4K ở tốc độ 60 fpsQuay video ProRes lên đến 4K ở 60 fps với khả năng ghi vào ổ đĩa gắn ngoàiQuay video định dạng LogAcademy Color Encoding System (Hệ Thống Màu Của Viện Hàn Lâm, ACES)Quay video macro, bao gồm chế độ quay chậm và tua nhanhHỗ trợ quay video chậm 1080p ở tốc độ 120 fps hoặc 240 fpsVideo tua nhanh có chống rungTua nhanh ở chế độ Ban ĐêmChế độ quay video QuickTakeChống rung quang học dịch chuyển cảm biến thế hệ thứ hai cho videoPhóng đại âm thanhThu âm stereoBảo mật	Face IDCamera trước TrueDepth hỗ trợ nhận diện khuôn mặtKết nối mạng	GSM/EDGEUMTS/HSPA+DC-HSDPA5G (sub-6 GHz) với 4x4 MIMOLTE GigabitWi‑Fi 6EBluetooth 5.3Chip Ultra Wideband thế hệ thứ 2Công nghệ mạng ThreadGPS tần số kép chuẩn xác (GPS, GLONASS, Galileo, QZSS, BeiDou và NavIC)NFC có chế độ đọcThẻ Truy Cập Nhanh với chế độ dự trữ năng lượngCuộc Gọi Wi-Fi', 16),
(58, 'MacBook Pro 14 inch M3 Max 2023 (36GB RAM| 30 Core GPU| 1TB SSD)', '0022638_space-gray_550.jpeg', 79990000, 84550000, 'bg-black', '1TB', '2023-11-20', 'Công nghệ màn hình:	Màn hình Liquid Retina XDRMàn hình Liquid Retina XDR 14,2 inch (theo đường chéo); độ phân giải gốc 3024x1964 với mật độ 254 pixel mỗi inchXDR (Extreme Dynamic Range)Tỷ lệ tương phản 1.000.000:1Độ sáng XDR: 1.000 nit liên tục ở chế độ toàn màn hình, độ sáng đỉnh 1.600 nit (chỉ nội dung HDR)Độ sáng SDR: 600 nitMàu sắc1 tỷ màuDải màu rộng (P3)Công nghệ True ToneTốc độ làm mớiCông nghệ ProMotion với tốc độ làm mới thích ứng lên đến 120HzTốc độ làm mới cố định: 47,95Hz, 48,00Hz, 50,00Hz, 59,94Hz, 60,00HzChip	Chip Apple M3 MaxCPU 14 lõi với 10 lõi hiệu năng và 4 lõi tiết kiệm điệnGPU 30 lõiCông nghệ dò tia tốc độ cao bằng phần cứngNeural Engine 16 lõiBăng thông bộ nhớ 300GB/sMedia EngineH.264, HEVC, ProRes và ProRes RAW được tăng tốc phần cứngBộ giải mã videoBộ mã hóa videoBộ mã hóa và giải mã ProResBộ giải mã AV1Bộ Nhớ	RAM 8GBCó thể nâng cấp thành:16GB hoặc 24GBPin Và Nguồn Điện	Thời gian xem phim trên ứng dụng Apple TV lên đến 22 giờThời gian duyệt web trên mạng không dây lên đến 15 giờPin Li-Po 70 watt-giờBộ Tiếp Hợp Nguồn USB‑C 70WCáp USB‑C sang MagSafe 3Khả năng sạc nhanh với Bộ Tiếp Hợp Nguồn USB‑C 96WDung Lượng Lưu Trữ	SSD 512GBCó thể nâng cấp thành:1TB hoặc 2TBSạc Và Kết Nối	Hỗ trợ đồng thời độ phân giải gốc đầy đủ trên màn hình tích hợp với 1 tỷ màu và:Một màn hình ngoài với độ phân giải lên đến 6K ở tần số 60HzĐầu ra video kỹ thuật số Thunderbolt 4Hỗ trợ đầu ra DisplayPort gốc qua USB‑C (M3 Pro và M3 Max)Đầu ra video kỹ thuật số HDMIHỗ trợ một màn hình có độ phân giải lên đến 4K ở tần số 120Hz (M3)Hỗ trợ một màn hình có độ phân giải lên đến 8K ở tần số 60Hz hoặc độ phân giải 4K ở tần số 240Hz (M3 Pro và M3 Max)', 19),
(59, 'iPad Pro M1 12.9 WiFi Cellular 512GB', '0010892_ipad-pro-m1-129-inch-wifi-cellular-512gb_550.webp', 32990000, 42990000, 'bg-secondary', '512GB', '2023-01-11', 'Pad Pro 12.9 inch (2021) Chiếc iPad đỉnh cao với chip Apple M1 siêu mạnh, màn hình Liquid Retina XDR 12.9 inch sống động, kết nối không dây siêu nhanh. Thắt dây an toàn vào đi nào.Tính năng nổi bậtChip Apple  nâng hiệu suất lên một đẳng cấp mớiMàn hình Liquid Retina XDR 12.9 inch lộng lẫy với ProMotion, True Tone và dải màu rộng P3Hệ thống camera TrueDepth với camera trước Ultra Wide tích hợp tính năng Trung Tâm Sân KhấuCamera Wide 12MP, camera Ultra Wide 10MP và LiDAR Scanner cho trải nghiệm thực tế ảo tăng cường sống độngLuôn kết nối với Wi-Fi 6 siêu nhanh và mạng LTELàm được nhiều việc hơn với thời lượng pin bền bỉ cả ngàyCổng Thunderbolt cho kết nối nhanh với bộ nhớ ngoài, màn hình và dockXác thực bảo mật với Face IDBốn loa âm thanh và năm micro chuẩn studioHỗ trợ Apple Pencil (thế hệ thứ 2), Magic Keyboard và Smart Keyboard Folio iPadOS mạnh mẽ, trực quan và được thiết kế riêng cho iPadHơn 1 triệu ứng dụng trên App Store dành riêng cho iPadBộ sản phẩm bao gồmMáy tính bảng. Dây sạc. Củ sạc 18W. HDSD bảo hành điện tử 12 thángCác thông tin Apple đảm bảo ( Pháp lý)Màn hình có các góc bo tròn. Khi tính theo hình chữ nhật, kích thước màn hình iPad Pro 12.9 inch là 12.9 inch theo đường chéo.Trải nghiệm  cùng kích thước màn hình nhưng ở một phiên bản chip nâng cấp siêu khủng hơn.Diện tích hiển thị thực tế nhỏ hơn. Cần có gói cước dữ liệu. Liên hệ với nhà mạng tại thị trường của bạn để biết thêm chi tiết. Tốc độ có thể thay đổi tùy địa điểm. Thời lượng pin khác nhau tùy theo cách sử dụng và cấu hình. Truy cập apple.com/batteries để biết thêm thông tin. Phụ kiện được bán riêng. Khả năng tương thích tùy thuộc thế hệ sản phẩm.Nếu bạn làm việc với các app 3D mô phỏng, sử dụng thực tế ảo tăng cường, thêm đồ vật vào không gian thực,… từ cơ bản đến nâng cao hơn.  thể nói iPad Pro M1 “đủ sức” với các nhu cầu trên, song, xét trên mặt lý thuyết thì M2 còn làm tốt hơn nữa.Tham khảo 2 sản phẩm iPad Pro M2 kích thước nhỏ gọn với giá ưu đãi hơn:M2 sẽ nhanh hơn 40% so với M1 trong việc  nhận diện gương mặt khi đang edit video để chạy tracking, trở nên nhanh và mượt hơn, thông minh hơn. Nhưng vẫn có thể khẳng định con chip M1 vẫn khủng và đảm bảo tốt cho bạn công việc văn phòng, đồ họa cơ bản,...Nếu bạn cần một chiếc iPad vừa ý, gọn nhẹ mà vẫn đáp ứng đầy đủ các yếu tố cần thiết cho công việc cơ bản và giải trí thì có thể cân nhắc đến với độ phân giải không kém cạnh. Đặc biệt, sản phẩm này cũng có giá thành ', 22),
(60, 'Apple Watch Ultra 2 GPS + Cellular 49mm Trail Loop', '0021538_orangebeige_550.jpeg', 21490000, 23490000, 'bg-secondary', 'S/M', '2022-01-11', 'Chất liệu dây:	 Silicone | Dây vải chuyên biệt (Alpine Loop , Trail Loop)Chất liệu mặt:	 Kính SapphireChất liệu khung viền:	TitaniumĐộ dài dây:	13 - 20 cmKhả năng thay dây:	 CóKích thước, khối lượng:	Dài 49 mm - Ngang 44 mm - Dày 14.4 mm - Nặng 61.4 gSim & nghe gọi:	eSIMNghe gọi qua eSIM (nghe gọi độc lập không cần điện thoại)Tiện ích đặc biệt:	Màn hình luôn hiển thịNghe nhạcPhát hiện té ngãKết nối bluetooth với tai ngheChống nước / Kháng nước:	Chống nước 10 ATM (Bơi, lặn vùng nước nông)Theo dõi sức khoẻ:	Chấm điểm giấc ngủNhắc nhở nhịp tim cao, thấpTheo dõi giấc ngủTính lượng calories tiêu thụTính quãng đường chạyĐiện tâm đồĐo nhịp timĐo nồng độ oxy trong máu (SpO2)Đếm số bước chânGửi thông báo khi có tai nạnƯớc tính ngày rụng trứngCảm biến nhiệt độTheo dõi chu kì kinh nguyệtTiện ích khác:	Chế độ tiết kiệm năng lượngChứng nhận độ bền MIL-STD-810HMàn hình cảm ứngNâng cổ tay sáng màn hìnhTrợ lý giọng nóiTính năng Family SetupBáo thứcCuộc gọi khẩn cấp SOSDự báo thời tiếtThay mặt đồng hồTừ chối cuộc gọiĐiều khiển chơi nhạcĐồng hồ bấm giờMàn hình luôn hiển thịChuyển vùng quốc tếThao tác chạm hai lần (Double Tap)', 23),
(61, 'iPhone 13', '0000567_alpine-green_550.png', 15790000, 17550000, 'bg-success', '128GB', '2023-11-12', 'Công nghệ màn hình: OLED Độ phân giải màn hình 1170 x 2532 Pixels Kích thước màn hình: 6.1\" - Tần số quét 60 Hz Chất liệu mặt: Kính cường lực Ceramic Shield Bộ nhớ trong: RAM: 4 GB Dung lượng lưu trữ: 512 GB Dung lượng còn lại (khả dụng) khoảng: 497 GB Danh bạ: Không giới hạn Tiện ích khác: Bảo mật nâng cao: Mở khoá khuôn mặt Face ID Kháng nước, bụi: IP68 Ghi âm: Có (microphone chuyên dụng chống ồn) Xem phim: H.264(MPEG4-AVC) Nghe nhạc: AACFLACMP3 , Thiết kế: Nguyên khối Chất liệu: Khung nhôm & Mặt lưng kính cường lực Kích thước, khối lượng: Dài 146.7 mm - Ngang 71.5 mm - Dày 7.65 mm - Nặng 174 g Thời điểm ra mắt: 09/2021 Dung lượng Độ phân giải: 2 camera 12 MP Quay phim: 4K 2160p@24fps4K 2160p@30fps4K 2160p@60fpsFullHD 1080p@120fpsFullHD 1080p@240fpsFullHD 1080p@30fpsFullHD 1080p@60fpsHD 720p@30fps Đèn Flash: Có Tính năng: Ban đêm (Night Mode)Chạm lấy nétChống rung quang học (OIS)CinematicDeep FusionDolby Vision HDRGóc rộng (Wide)Góc siêu rộng (Ultrawide)Nhận diện khuôn mặtQuay chậm (Slow Motion)Smart HDR 4Toàn cảnh (Panorama)Trôi nhanh thời gian (Time Lapse)Tự động lấy nét (AF)Xóa phôngZoom kỹ thuật sốZoom quang học', 16),
(63, 'iPhone 15 128GB', '15 blue.jpeg', 21990000, 23990000, 'bg-info', '128GB', '2023-11-23', 'Quay video	\r\nQuay video 4K ở tốc độ 24 fps, 25 fps, 30 fps, hoặc 60 fps\r\nQuay video HD 1080p ở tốc độ 25 fps, 30 fps, hoặc 60 fps\r\nChế độ Điện Ảnh để quay video với độ sâu trường ảnh nông (lên đến 4K HDR ở tốc độ 30 fps)\r\nChế độ Hành Động\r\nQuay video HDR với công nghệ Dolby Vision lên đến 4K ở tốc độ 60 fps\r\nHỗ trợ quay video chậm 1080p ở tốc độ 120 fps hoặc 240 fps\r\nVideo tua nhanh có chống rung\r\nTua nhanh ở chế độ Ban Đêm\r\nChế độ quay video QuickTake\r\nChống rung quang học dịch chuyển cảm biến cho video\r\nPhóng đại âm thanh\r\nThu âm stereo\r\n \r\nMàu sắc	\r\nHồng\r\nVàng\r\nXanh lá\r\nXanh Dương\r\nĐen\r\nDung lượng	\r\n128GB\r\n256GB\r\n512GB\r\nKết nối	\r\nMạng di động: Hỗ trợ 5G\r\nSIM: Đang cập nhật\r\nWifi: 6 GHz, Wi-Fi 802.11 a/b/g/n/ac/ax, Wi-Fi MIMO\r\nGPS: BEIDOU, GALILEO, GLONASS, A-GPS, QZSS\r\nBluetooth: v5.3\r\nCổng kết nối/sạc: USB Type-C 2.0\r\nJack tai nghe: Type-C\r\nKích thước và Trọng lượng	\r\nDài: 147,6 mm\r\nRộng: 71,6 mm\r\nDày: 7,80 mm\r\nTrọng Lượng: 171 gram\r\nĐộ phân giải màn hình	\r\n2556 x 1179 Pixels\r\n\r\nChống nước - Chống bụi	\r\nĐạt mức IP68 (chống nước ở độ sâu tối đa 6 mét trong vòng tối đa 30 phút) theo tiêu chuẩn IEC 60529\r\n\r\nChip	\r\nCPU : Apple A16 Bionic 6 nhân\r\nTốc độ CPU: 3.46 GHz\r\nChip đồ họa (GPU): Apple GPU 5 nhân\r\nPin và nguồn điện	\r\nDung lượng pin: Đang cập nhật\r\nLoại pin: Li-Ion\r\nHỗ trợ sạc tối đa: Đang cập nhật\r\nSạc kèm theo máy: Đang cập nhật\r\nCông nghệ pin:\r\nSạc không dây\r\nSạc không dây MagSafe\r\nCamera sau	\r\nCamera chính: 48MP\r\nCamerra góc rộng: 12MP\r\nCamera Tele: 12MP\r\nBảo mật	\r\nFace ID\r\nCamera trước TrueDepth hỗ trợ nhận diện khuôn mặt\r\nKết nối mạng	\r\nGSM/EDGE\r\nUMTS/HSPA+\r\nDC-HSDPA\r\n5G (sub-6 GHz) với 4x4 MIMO\r\nLTE Gigabit\r\nWi‑Fi 6\r\nBluetooth 5.3\r\nChip Ultra Wideband thế hệ thứ 2\r\nGPS, GLONASS, Galileo, QZSS và BeiDou\r\nNFC có chế độ đọc\r\nCuộc Gọi Wi-Fi\r\nThẻ Truy Cập Nhanh với chế độ dự trữ năng lượng\r\nRAM	\r\n6GB\r\n\r\nCamera trước	\r\nĐộ phân giải : 12 MP\r\n\r\nCông nghệ màn hình	\r\nSuper Retina XDR OLED\r\n\r\nTính năng màn hình: \r\n\r\nDynamic Island\r\nHDR display\r\nTrue Tone\r\nWide color (P3)\r\nHaptic Touch\r\nLớp phủ oleophobia chống dấu vân tay\r\nĐộ sáng tối đa: 2000 nits', 16),
(64, 'iPhone 14 Pro Max 128GB', '14 promax gold.jpeg', 26550000, 29550000, 'bg-warning', '128GB', '2023-11-23', 'Dung lượng	218GB / 256GB / 512GB / 1TB\r\nMàn hình	6.7″ Super Retina XDR display\r\nĐộ phân giải màn hình	2796 x 1290 pixel ở 460 ppi\r\nCamera trước	12MP, khẩu độ ƒ / 1.9\r\nPin và nguồn điện	Phát video lên tới 29 giờ (theo Apple)\r\nSạc	Sạc không dây MagSafe và Qi\r\nKết nối mạng	2 SIM (1 Nano SIM và 1 eSIM hoặc 2 eSIM), hỗ trợ 5G\r\nChip	Chip A16 Bionic 6 nhân, GPU 5 nhân 16-core Neural Engine\r\nRAM	6GB\r\nBảo mật	Face ID, Được kích hoạt bởi camera trước TrueDepth để nhận dạng khuôn mặt\r\nChống nước - Chống bụi	IP68 (độ sâu tối đa 6 mét trong tối đa 30 phút) theo tiêu chuẩn IEC 60529', 16),
(65, 'iPhone 14 Pro 128GB', '14pro tim.png', 23890000, 30990000, 'bg-dark', '128GB', '2023-11-21', 'Dung lượng	218GB / 256GB / 512GB / 1TBMàn hình	6.1”, OLED, Super Retina XDRĐộ phân giải màn hình	2556 x 1179 pixel ở 460 ppiCamera sau	Chính: khẩu độ ƒ / 1,78, Chụp xa: khẩu độ ƒ / 2.8, Hệ thống camera chuyên nghiệp (48MP chính, 12MP siêu rộng và 12MP tele), Siêu rộng: khẩu độ ƒ / 2.2Camera trước	12MP, khẩu độ ƒ / 1.9Pin và nguồn điện	Phát video lên tới 28 giờ (theo Apple)Sạc	Sạc không dây MagSafe và QiKết nối mạng	2 SIM (1 Nano SIM và 1 eSIM hoặc 2 eSIM), hỗ trợ 5GChip	Chip A16 Bionic 6 nhân, GPU 5 nhân 16-core Neural EngineRAM	6GBBảo mật	Face ID, Được kích hoạt bởi camera trước TrueDepth để nhận dạng khuôn mặtChống nước - Chống bụi	IP68 (độ sâu tối đa 6 mét trong tối đa 30 phút) theo tiêu chuẩn IEC 60529', 16),
(67, 'iPhone 13 128GB', '13 blue.png', 15790000, 18990000, 'bg-primary', '128GB', '2023-11-23', 'Công nghệ màn hình:	OLED\r\nĐộ phân giải màn hình	1170 x 2532 Pixels\r\nKích thước màn hình:	6.1\" - Tần số quét 60 Hz\r\nChất liệu mặt:	Kính cường lực Ceramic Shield\r\nBộ nhớ trong:	\r\nRAM:\r\n4 GB\r\nDung lượng lưu trữ:\r\n512 GB\r\nDung lượng còn lại (khả dụng) khoảng:\r\n497 GB\r\nDanh bạ:\r\nKhông giới hạn\r\n \r\nTiện ích khác:	\r\nBảo mật nâng cao:\r\nMở khoá khuôn mặt Face ID\r\nKháng nước, bụi:\r\nIP68\r\nGhi âm:\r\nCó (microphone chuyên dụng chống ồn)\r\nXem phim:\r\nH.264(MPEG4-AVC)\r\nNghe nhạc:\r\nAACFLACMP3\r\n, \r\nThiết kế:\r\nNguyên khối\r\nChất liệu:\r\nKhung nhôm & Mặt lưng kính cường lực\r\nKích thước, khối lượng:\r\nDài 146.7 mm - Ngang 71.5 mm - Dày 7.65 mm - Nặng 174 g\r\nThời điểm ra mắt:\r\n09/2021\r\nDung lượng	\r\nĐộ phân giải:\r\n2 camera 12 MP\r\nQuay phim:\r\n4K 2160p@24fps4K 2160p@30fps4K 2160p@60fpsFullHD 1080p@120fpsFullHD 1080p@240fpsFullHD 1080p@30fpsFullHD 1080p@60fpsHD 720p@30fps\r\nĐèn Flash:\r\nCó\r\nTính năng:\r\nBan đêm (Night Mode)Chạm lấy nétChống rung quang học (OIS)CinematicDeep FusionDolby Vision HDRGóc rộng (Wide)Góc siêu rộng (Ultrawide)Nhận diện khuôn mặtQuay chậm (Slow Motion)Smart HDR 4Toàn cảnh (Panorama)Trôi nhanh thời gian (Time Lapse)Tự động lấy nét (AF)Xóa phôngZoom kỹ thuật sốZoom quang học', 16),
(68, 'iPhone 12 128GB', '12 do.png', 12790000, 14550000, 'bg-danger', '128GB', '2023-11-11', 'Yêu cầu hệ thống	Apple\r\nMàu sắc	Purple, Blue, Green, Product RED, White, Black\r\nMàn hình	Super Retina XDR, 6.1-inch OLED, HDR, 2532 x 1170 pixels, 460 ppi, Tương phản 2,000,000:1, True Tone, Chuẩn màu P3, Haptic Touch, Độ sáng tối đa 800 nit, Độ sáng tối đa khi bật HDR 1200 nit\r\nDung lượng	64 GB / 128GB / 256 GB\r\nCamera sau	Hệ thống 2 camera 12MP (Siêu Rộng, Rộng), Siêu rộng: khẩu độ ƒ / 2.4, Rộng: khẩu độ ƒ / 1.6, -, Night mode, Deep Fusion, -, Chống rung quang học, -, Zoom xa quang học 2x, Zoom kỹ thuật số 5x, -, Chụp chân dung tuỳ chỉnh xoá phông, 6 hiệu ứng ánh sáng chụp chân dung (Tự nhiên, Studio, Đường viền, Sân khấu, Sân khấu Mono, High Key Mono), Smart HDR 3\r\nQuay video	Quay video 4K ở 24fps, 25 fps, 30 fps, 60 fps, Quay video 1080p HD ở 25 fps, 30 fps, 60 fps, Video HDR chuẩn Dolby Vision ở 60 fps, Dải nhạy sáng mở rộng cho video tối đa 60fps, Chống rung quang học, Zoom xa quang học 2x, -, Zoom kỹ thuật số 3x, True Tone flash, Audio zoom, QuickTake video, Slo-mo video 1080p tại 120fps hoặc 240fps, Night mode Time-lapse, Chống rung Time-lapse, Ghi âm Stereo\r\nCamera trước	TrueDepth camera, 12MP, Khẩu độ ƒ / 2.2, Retina flash, Smart HDR 3, Chụp chân dung tuỳ chỉnh xoá phông, 6 hiệu ứng ánh sáng chụp chân dung (Tự nhiên, Studio, Đường viền, Sân khấu, Sân khấu Mono, High Key Mono), Dải nhạy sáng mở rộng cho video tối đa 30fps, Chống rung video Cinematic, Quay video 4K ở 24fps, 25 fps, 30 fps, 60 fps, Quay video HDR Dolby Vision 30 fps, Quay video 1080p HD ở 24fps, 25 fps, 30 fps, 60 fps, Slo-mo video 1080p tại 120fps, Night mode, Deep Fusion, QuickTake video, Animoji và Memoji\r\nKết nối mạng	GSM/EDGE, UMTS/HSPA+, 5G, LTE, Wifi 6, Bluetooth 5.0, Ultra Wideband, NFC, Wi-Fi calling\r\nKích thước và Trọng lượng	Dài: 146.7 mm, Rộng: 71.5 mm, Dày: 7.4 mm, Trọng lượng: 164 gram\r\nChống nước - Chống bụi	IP 68 (độ sâu tối đa 6 mét trong tối đa 30 phút)\r\nChip	A14 Bionic\r\nBảo mật	Face ID, Được kích hoạt bởi camera trước TrueDepth để nhận dạng khuôn mặt\r\nCông nghệ âm thanh:	Spatial audio, Hỗ trợ Dolby Atmos\r\nXem video	HDR Dolby Vision, HDR10 và HLG\r\nPin và nguồn điện	Pin lithium‑ion tích hợp bên trong, Sạc không dây Magsafe và Qi, Sạc qua USB máy tính hoặc adaptor, Xem video lên đến 17 giờ, Xem video trước tuyến lên đến 11 giờ, Nghe nhạc lên đến 65 giờ, Sạc 50% trong 30 phút với củ sạc 20W trở lên\r\nCảm biến	Con quay hồi chuyển ba trục, Gia tốc kế, Cảm biến tiệm cận, Cảm biến', 16),
(69, 'iPad Gen 10 th 10.9 inch WiFi 64GB', '0022978_blue_550.jpeg', 10590000, 12990000, 'bg-info', '64GB', '2023-11-27', 'Hệ điều hành & CPU	\r\nHệ điều hành:\r\niPadOS 16\r\n\r\nChip xử lý (CPU):\r\nApple A14 Bionic 6 nhân\r\nTốc độ CPU:\r\n2 nhân 3.1 GHz & 4 nhân 1.8 GHz\r\nChip đồ hoạ (GPU):\r\nApple GPU 4 nhân\r\nBộ nhớ trong:	\r\nRAM:\r\n4 GB\r\nDung lượng lưu trữ:\r\n64 GB\r\nThẻ nhớ ngoài:\r\nKhông có\r\nKết nối:	\r\nMạng di động:\r\n\r\nKhông có \r\nSIM:\r\n\r\nKhông có\r\nThực hiện cuộc gọi:\r\n\r\nFaceTime\r\nWifi:\r\n\r\nWi-Fi hotspot\r\n\r\nWi-Fi 802.11 a/b/g/n/ac/ax\r\n\r\nMIMO\r\n\r\nDual-band\r\n\r\nGPS:\r\n\r\nGPS\r\niBeacon\r\nBluetooth:\r\n\r\nv5.2\r\nCổng kết nối/sạc:\r\n\r\nType-C\r\nJack tai nghe:\r\n\r\nType C\r\nKết nối khác:\r\n\r\nKhông có\r\nTiện ích đặc biệt:	\r\nTính năng đặc biệt:\r\n\r\nKết nối Apple Pencil\r\n\r\n4 loa\r\n\r\nMở khóa bằng vân tay\r\n\r\nÂm thanh Dolby Atmos\r\n\r\nKết nối bàn phím rời\r\n\r\nGhi âm:\r\n\r\nCó\r\nRadio:\r\n\r\nKhông có\r\nTiện ích khác:	\r\nChất liệu:\r\n\r\nKhung & Mặt lưng kim loại\r\nKích thước, khối lượng:\r\n\r\nDài 248.6 mm - Ngang 179.5 mm - Dày 7 mm - Nặng 477 g\r\nThời điểm ra mắt:\r\n\r\n10/2022\r\nCamera sau	\r\nĐộ phân giải:\r\n\r\n12 MP\r\nQuay phim:\r\n\r\n4K 2160p@30fps\r\n\r\nFullHD 1080p@30fps\r\n\r\nFullHD 1080p@25fps\r\n\r\n4K 2160p@25fps\r\n\r\nHD 720p@30fps\r\n\r\n4K 2160p@60fps\r\n\r\nFullHD 1080p@60fps\r\n\r\n4K 2160p@24fps\r\n\r\nTính năng:\r\n\r\nBộ lọc màu\r\n\r\nTua nhanh thời gian (Time‑lapse)\r\n\r\nZoom kỹ thuật số\r\n\r\nQuay chậm (Slow Motion)\r\n\r\nSmart HDR 3\r\n\r\nGóc rộng\r\n\r\nToàn cảnh (Panorama)\r\n\r\nGắn thẻ địa lý\r\n\r\nCamera trước	\r\nĐộ phân giải:\r\n\r\n12 MP\r\nTính năng:\r\n\r\nTrôi nhanh thời gian (Time Lapse)\r\n\r\nQuay video Full HD\r\n\r\nBộ lọc màu\r\n\r\nHDR\r\n\r\nPin	\r\nDzung lượng pin:\r\n     28.6 Wh (~ 7587 mAh)\r\n\r\nLoại pin:\r\n\r\n     Li-Po\r\n\r\nCông nghệ pin:\r\n\r\nSạc pin nhanh\r\n\r\nTiết kiệm pin\r\n\r\nHỗ trợ sạc tối đa:\r\n\r\n20 W\r\n\r\nSạc kèm theo máy:\r\n20 W\r\n\r\nCông nghệ màn hình	\r\nCông nghệ màn hình:\r\nRetina IPS LCD\r\nĐộ phân giải:\r\n1640 x 2360 Pixels\r\nMàn hình rộng:\r\n10.9\" - Tần số quét 60 Hz', 22),
(70, 'iPhone 15 Pro 128GB', '0019580_titan-den_550.jpeg', 27990000, 30990000, 'bg-black', '128GB', '2023-11-28', 'Màu sắc	\r\nTitan Tự Nhiên\r\nTitan Xanh\r\nTitan Trắng \r\nTitan Đen\r\nDung lượng	\r\n128GB\r\n256GB\r\n512GB\r\n1TB\r\nKích thước và Trọng lượng	\r\nDài: 146,6 mm\r\nRộng: 70,6 mm\r\nDày: 8,25 mm\r\nTrọng lượng: 187 gram\r\nĐộ phân giải màn hình	\r\n2556 x 1179 Pixel\r\nChống nước - Chống bụi	\r\nĐạt mức IP68 (chống nước ở độ sâu tối đa 6 mét trong vòng tối đa 30 phút) theo tiêu chuẩn IEC 60529\r\nChip	\r\nChip A17 Pro\r\nCPU 6 lõi\r\nGPU 6 lõi\r\nNeural Engine 16 lõi\r\nQuay video	\r\nQuay video 4K ở tốc độ 24 fps, 25 fps, 30 fps, hoặc 60 fps\r\nQuay video HD 1080p ở tốc độ 25 fps, 30 fps, hoặc 60 fps\r\nChế độ Điện Ảnh để quay video với độ sâu trường ảnh nông (lên đến 4K HDR ở tốc độ 30 fps)\r\nChế độ Hành Động\r\nQuay video HDR với công nghệ Dolby Vision lên đến 4K ở tốc độ 60 fps\r\nQuay video ProRes lên đến 4K ở 60 fps với khả năng ghi vào ổ đĩa gắn ngoài\r\nQuay video định dạng Log\r\nAcademy Color Encoding System (Hệ Thống Màu Của Viện Hàn Lâm, ACES)\r\nQuay video macro, bao gồm chế độ quay chậm và tua nhanh\r\nHỗ trợ quay video chậm 1080p ở tốc độ 120 fps hoặc 240 fps\r\nVideo tua nhanh có chống rung\r\nTua nhanh ở chế độ Ban Đêm\r\nChế độ quay video QuickTake\r\nChống rung quang học dịch chuyển cảm biến thế hệ thứ hai cho video\r\nPhóng đại âm thanh\r\nThu âm stereo\r\nBảo mật	\r\nFace ID\r\nCamera trước TrueDepth hỗ trợ nhận diện khuôn mặt\r\nKết nối mạng	\r\nGSM/EDGE\r\nUMTS/HSPA+\r\nDC-HSDPA\r\n5G (sub-6 GHz) với 4x4 MIMO\r\nLTE Gigabit\r\nWi‑Fi 6E\r\nBluetooth 5.3\r\nChip Ultra Wideband thế hệ thứ 2\r\nCông nghệ mạng Thread\r\nGPS tần số kép chuẩn xác (GPS, GLONASS, Galileo, QZSS, BeiDou và NavIC)\r\nNFC có chế độ đọc\r\nThẻ Truy Cập Nhanh với chế độ dự trữ năng lượng\r\nCuộc Gọi Wi-Fi\r\nPin và nguồn điện	\r\nTích hợp pin sạc lithium-ion\r\nSạc không dây MagSafe và Qi\r\nThời gian xem video: Lên đến 23 giờ\r\nThời gian xem video (trực tuyến): Lên đến 20 giờ\r\nThời gian nghe nhạc: Lên đến 75 giờ\r\nKhả năng sạc nhanh: Sạc lên đến 50% trong vòng 30 phút với  trở lên (được bán riêng)\r\nSIM	\r\nSIM kép \r\nHai eSIM đang hoạt động hoặc nano SIM và eSIM\r\nHỗ trợ hai eSIM\r\nSạc	\r\nHỗ trợ sạc nhanh\r\nCổng sạc Type C\r\nCamera sau	\r\nHệ thống camera chuyên nghiệp (Chính 48MP, Ultra Wide 12MP, và Telephoto 12MP)\r\nChính: 48MP, khẩu độ ƒ/1.78\r\nUltra Wide: 12MP, khẩu độ ƒ/2.2\r\nTelephoto: 12MP, khẩu độ ƒ/2.8\r\nChống rung quang học dịch chuyển cảm biến thế hệ thứ hai\r\nCác lựa chọn thu phóng quang học 0,5x, 1x, 2x, 3x\r\nFlash True Tone Thích Ứng\r\nPhotonic Engine\r\nDeep Fusion\r\nHDR thông minh thế hệ 5 cho ảnh\r\nẢnh chân dung thế hệ mới với Focus và Depth Control\r\nHiệu ứng Chiếu Sáng Chân Dung với sáu chế độ\r\nChế độ Ban Đêm\r\nChụp ảnh chân dung ở chế độ Ban Đêm\r\nPhong Cách Nhiếp Ảnh\r\nChụp ảnh macro\r\nApple ProRAW\r\nCamera trước	\r\nCamera trước TrueDepth\r\nẢnh 12MP\r\nKhẩu độ ƒ/1.9\r\nFlash Retina\r\nPhotonic Engine\r\nDeep Fusion\r\nHDR thông minh thế hệ 5 cho ảnh\r\nẢnh chân dung thế hệ mới với Focus và Depth Control\r\nHiệu ứng Chiếu Sáng Chân Dung với sáu chế độ\r\nAnimoji và Memoji\r\nChế độ Ban Đêm\r\nPhong Cách Nhiếp Ảnh\r\nQuay video 4K ở tốc độ 24 fps, 25 fps, 30 fps, hoặc 60 fps\r\nQuay video HD 1080p ở tốc độ 25 fps, 30 fps, hoặc 60 fps\r\nChế độ Điện Ảnh hỗ trợ độ phân giải lên đến 4K HDR ở tốc độ 30 fps\r\nQuay video HDR với công nghệ Dolby Vision lên đến 4K ở tốc độ 60 fps\r\nQuay video ProRes lên đến 4K ở 60 fps với khả năng ghi vào ổ đĩa gắn ngoài\r\nHỗ trợ quay video chậm 1080p ở tốc độ 120 fps\r\nChế độ quay video QuickTake\r\nChống rung video kỹ thuật số (4K, 1080p, và 720p)', 16),
(71, 'iPhone 15 Pro 256GB', '0019569_titan-trang_550.jpeg', 30290000, 34990000, 'bg-light', '256GB', '2023-11-23', 'Màu sắc	\r\nTitan Tự Nhiên\r\nTitan Xanh\r\nTitan Trắng \r\nTitan Đen\r\nDung lượng	\r\n128GB\r\n256GB\r\n512GB\r\n1TB\r\nKích thước và Trọng lượng	\r\nDài: 146,6 mm\r\nRộng: 70,6 mm\r\nDày: 8,25 mm\r\nTrọng lượng: 187 gram\r\nĐộ phân giải màn hình	\r\n2556 x 1179 Pixel\r\nChống nước - Chống bụi	\r\nĐạt mức IP68 (chống nước ở độ sâu tối đa 6 mét trong vòng tối đa 30 phút) theo tiêu chuẩn IEC 60529\r\nChip	\r\nChip A17 Pro\r\nCPU 6 lõi\r\nGPU 6 lõi\r\nNeural Engine 16 lõi\r\nQuay video	\r\nQuay video 4K ở tốc độ 24 fps, 25 fps, 30 fps, hoặc 60 fps\r\nQuay video HD 1080p ở tốc độ 25 fps, 30 fps, hoặc 60 fps\r\nChế độ Điện Ảnh để quay video với độ sâu trường ảnh nông (lên đến 4K HDR ở tốc độ 30 fps)\r\nChế độ Hành Động\r\nQuay video HDR với công nghệ Dolby Vision lên đến 4K ở tốc độ 60 fps\r\nQuay video ProRes lên đến 4K ở 60 fps với khả năng ghi vào ổ đĩa gắn ngoài\r\nQuay video định dạng Log\r\nAcademy Color Encoding System (Hệ Thống Màu Của Viện Hàn Lâm, ACES)\r\nQuay video macro, bao gồm chế độ quay chậm và tua nhanh\r\nHỗ trợ quay video chậm 1080p ở tốc độ 120 fps hoặc 240 fps\r\nVideo tua nhanh có chống rung\r\nTua nhanh ở chế độ Ban Đêm\r\nChế độ quay video QuickTake\r\nChống rung quang học dịch chuyển cảm biến thế hệ thứ hai cho video\r\nPhóng đại âm thanh\r\nThu âm stereo\r\nBảo mật	\r\nFace ID\r\nCamera trước TrueDepth hỗ trợ nhận diện khuôn mặt\r\nKết nối mạng	\r\nGSM/EDGE\r\nUMTS/HSPA+\r\nDC-HSDPA\r\n5G (sub-6 GHz) với 4x4 MIMO\r\nLTE Gigabit\r\nWi‑Fi 6E\r\nBluetooth 5.3\r\nChip Ultra Wideband thế hệ thứ 2\r\nCông nghệ mạng Thread\r\nGPS tần số kép chuẩn xác (GPS, GLONASS, Galileo, QZSS, BeiDou và NavIC)\r\nNFC có chế độ đọc\r\nThẻ Truy Cập Nhanh với chế độ dự trữ năng lượng\r\nCuộc Gọi Wi-Fi\r\nPin và nguồn điện	\r\nTích hợp pin sạc lithium-ion\r\nSạc không dây MagSafe và Qi\r\nThời gian xem video: Lên đến 23 giờ\r\nThời gian xem video (trực tuyến): Lên đến 20 giờ\r\nThời gian nghe nhạc: Lên đến 75 giờ\r\nKhả năng sạc nhanh: Sạc lên đến 50% trong vòng 30 phút với  trở lên (được bán riêng)\r\nSIM	\r\nSIM kép \r\nHai eSIM đang hoạt động hoặc nano SIM và eSIM\r\nHỗ trợ hai eSIM\r\nSạc	\r\nHỗ trợ sạc nhanh\r\nCổng sạc Type C\r\nCamera sau	\r\nHệ thống camera chuyên nghiệp (Chính 48MP, Ultra Wide 12MP, và Telephoto 12MP)\r\nChính: 48MP, khẩu độ ƒ/1.78\r\nUltra Wide: 12MP, khẩu độ ƒ/2.2\r\nTelephoto: 12MP, khẩu độ ƒ/2.8\r\nChống rung quang học dịch chuyển cảm biến thế hệ thứ hai\r\nCác lựa chọn thu phóng quang học 0,5x, 1x, 2x, 3x\r\nFlash True Tone Thích Ứng\r\nPhotonic Engine\r\nDeep Fusion\r\nHDR thông minh thế hệ 5 cho ảnh\r\nẢnh chân dung thế hệ mới với Focus và Depth Control\r\nHiệu ứng Chiếu Sáng Chân Dung với sáu chế độ\r\nChế độ Ban Đêm\r\nChụp ảnh chân dung ở chế độ Ban Đêm\r\nPhong Cách Nhiếp Ảnh\r\nChụp ảnh macro\r\nApple ProRAW\r\nCamera trước	\r\nCamera trước TrueDepth\r\nẢnh 12MP\r\nKhẩu độ ƒ/1.9\r\nFlash Retina\r\nPhotonic Engine\r\nDeep Fusion\r\nHDR thông minh thế hệ 5 cho ảnh\r\nẢnh chân dung thế hệ mới với Focus và Depth Control\r\nHiệu ứng Chiếu Sáng Chân Dung với sáu chế độ\r\nAnimoji và Memoji\r\nChế độ Ban Đêm\r\nPhong Cách Nhiếp Ảnh\r\nQuay video 4K ở tốc độ 24 fps, 25 fps, 30 fps, hoặc 60 fps\r\nQuay video HD 1080p ở tốc độ 25 fps, 30 fps, hoặc 60 fps\r\nChế độ Điện Ảnh hỗ trợ độ phân giải lên đến 4K HDR ở tốc độ 30 fps\r\nQuay video HDR với công nghệ Dolby Vision lên đến 4K ở tốc độ 60 fps\r\nQuay video ProRes lên đến 4K ở 60 fps với khả năng ghi vào ổ đĩa gắn ngoài\r\nHỗ trợ quay video chậm 1080p ở tốc độ 120 fps\r\nChế độ quay video QuickTake\r\nChống rung video kỹ thuật số (4K, 1080p, và 720p)', 16),
(72, 'iPhone 14 Pro Max 256GB', '0018632_space-black_550.jpeg', 28890000, 37490000, 'bg-black', '256GB', '2023-11-27', 'iPhone 14 Pro Max 256GB được rất nhiều người dùng săn đón bởi dung lượng hợp lý và giá thành phải chăng. Bên cạnh đó sản phẩm cũng sở hữu nhiều tính năng tiên tiến và hiện đại nhất như camera nổi trội, hiệu năng mạnh mẽ, màn hình sắc nét... . Hãy cùng khám phá chi tiết trong nội dung dưới đây.\r\n\r\nDung lượng 256GB: Mức dung lượng giúp việc lưu trữ trở nên thuận tiện hơn khi có khả năng chứa hơn 70.000 bức ảnh có độ phân giải sắc nét.\r\nMàn hình: Không gian hiển thị đỉnh cao với màn hình 6.7” Super Retina XDR OLED đạt đỉnh 2000 nits và công nghệ ProMotion 120Hz.\r\nHiệu năng: Vi xử lý A16 Bionic tiến trình 4nm tăng cường sức mạnh, đạt hiệu suất hàng đầu trong ngành và siêu tiết kiệm pin.\r\nCamera: Chất lượng hình ảnh đột phá đầy ngoạn mục với camera chính 48MP 4 điểm ảnh cùng vô ván chế độ mới đổ bộ.\r\nThiết kế: Loại bỏ “notch” tai thỏ và thay thế với tính năng đa nhiệm Dynamic Island\r\nTính năng màn hình luôn bật: Chế độ Always-On display nâng tầm trải nghiệm sử dụng tiện lợi.\r\nTính năng an toàn: Cảm biến va chạm và Kết nối vệ tinh giúp giải quyết tất cả những tình huống khẩn cấp.', 16),
(73, 'iPhone 14 Pro Max 512GB', '0008144_iphone-14-pro-max-512gb_550.webp', 35890000, 43990000, 'bg-light', '512GB', '2023-02-11', 'iPhone 14 Pro Max 512GB được rất nhiều người dùng săn đón bởi dung lượng hợp lý và giá thành phải chăng. Bên cạnh đó sản phẩm cũng sở hữu nhiều tính năng tiên tiến và hiện đại nhất như camera nổi trội, hiệu năng mạnh mẽ, màn hình sắc nét... . Hãy cùng khám phá chi tiết trong nội dung dưới đây.\r\n\r\nDung lượng 256GB: Mức dung lượng giúp việc lưu trữ trở nên thuận tiện hơn khi có khả năng chứa hơn 70.000 bức ảnh có độ phân giải sắc nét.\r\nMàn hình: Không gian hiển thị đỉnh cao với màn hình 6.7” Super Retina XDR OLED đạt đỉnh 2000 nits và công nghệ ProMotion 120Hz.\r\nHiệu năng: Vi xử lý A16 Bionic tiến trình 4nm tăng cường sức mạnh, đạt hiệu suất hàng đầu trong ngành và siêu tiết kiệm pin.\r\nCamera: Chất lượng hình ảnh đột phá đầy ngoạn mục với camera chính 48MP 4 điểm ảnh cùng vô ván chế độ mới đổ bộ.\r\nThiết kế: Loại bỏ “notch” tai thỏ và thay thế với tính năng đa nhiệm Dynamic Island\r\nTính năng màn hình luôn bật: Chế độ Always-On display nâng tầm trải nghiệm sử dụng tiện lợi.\r\nTính năng an toàn: Cảm biến va chạm và Kết nối vệ tinh giúp giải quyết tất cả những tình huống khẩn cấp.', 16),
(74, 'iPhone 15 256GB', '0019828_iphone-15-256gb_550.jpeg', 24890000, 27990000, 'bg-success', '256GB', '2023-11-23', 'Kích thước màn hình:	\r\n6.1 inches\r\n\r\nCông nghệ màn hình:	\r\nSuper Retina XDR OLED\r\n\r\nTính năng màn hình	\r\nDynamic Island\r\nHDR display\r\nTrue Tone\r\nWide color (P3)\r\nHaptic Touch\r\nLớp phủ oleophobia chống dấu vân tay\r\nĐộ sáng tối đa: 2000 nits\r\nChống nước / Kháng nước:	\r\nIP68\r\n\r\nCamera sau	\r\nCamera chính: 48MP\r\nCamerra góc rộng: 12MP\r\nCamera Tele: 12MP\r\nCamera trước	\r\n12MP\r\n\r\nRAM	\r\n6GB\r\n\r\nPin và nguồn điện	\r\nUSB Type-C\r\n\r\n3877 mAh\r\n\r\nCảm biến	\r\nCảm biến gia tốc,\r\nCảm biến tiệm cận,\r\nCảm biến ánh sáng,\r\nCon quay hồi chuyển,\r\nCảm biến áp kế\r\n\r\nKết nối mạng	\r\n5G\r\n\r\nGPS, GLONASS, Galileo, QZSS, and BeiDou\r\n\r\nChip	\r\nChipset:  Apple A16 Bionic\r\nLoại CPU: 6‑core CPU\r\nGPU: 5‑core GPU\r\nKích thước và Trọng lượng	\r\nKích thước: 147.6 x 71.6 x 7.80 mm\r\nTrọng lượng: 171g', 16),
(75, 'iPhone 15 512GB', '0019848_iphone-15-256gb_550.jpeg', 29590000, 33990000, 'bg-dark', '512GB', '2023-11-23', 'Kích thước màn hình:	6.1 inchesCông nghệ màn hình:	    Super Retina XDR OLEDTính năng màn hình	Dynamic IslandHDR displayTrue ToneWide color (P3)Haptic TouchLớp phủ oleophobia chống dấu vân tayĐộ sáng tối đa: 2000 nitsChống nước / Kháng nước:	    IP68Camera sau	Camera chính: 48MPCamerra góc rộng: 12MPCamera Tele: 12MPCamera trước	12MPRAM	6GBPin và nguồn điện	USB Type-C3877 mAhCảm biến	Cảm biến gia tốc,Cảm biến tiệm cận,Cảm biến ánh sáng,Con quay hồi chuyển,Cảm biến áp kếKết nối mạng	5GGPS, GLONASS, Galileo, QZSS, and BeiDouChip	Chipset:  Apple A16 BionicLoại CPU: 6‑core CPUGPU: 5‑core GPUKích thước và Trọng lượng	Kích thước: 147.6 x 71.6 x 7.80 mmTrọng lượng: 171g', 16),
(76, ' iPhone SE (2022) 64GB', '0000884_product-red_550.webp', 9990000, 12990000, 'bg-danger', '64GB', '2022-01-11', 'iPhone SE 2022\r\n\r\nChip A15 Bionic thần tốc và kết nối 5G siêu nhanh. Thời lượng pin khủng và camera hạng siêu sao. Cùng mặt kính bền nhất từng có trên điện thoại thông minh và nút Home với Touch ID bảo mật.\r\n\r\nTính năng nổi bật\r\nMạng di động 5G\r\nMàn hình Retina HD 4.7 inch\r\nHệ thống camera đơn nâng cao với camera Wide 12MP; HDR thông minh thế hệ 4, Phong Cách Nhiếp Ảnh, chế độ Chân Dung và quay video 4K tốc độ tối đa 60 fps\r\nCamera FaceTime HD 7MP với HDR thông minh thế hệ 4, Phong Cách Nhiếp Ảnh, chế độ Chân Dung và khả năng quay video 1080p\r\nChip A15 Bionic cho hiệu năng thần tốc\r\nThời gian xem video lên đến 15 giờ\r\nThiết kế bền bỉ và khả năng chống nước đạt chuẩn IP67\r\nNút Home với Touch ID để xác thực bảo mật\r\niOS 15 tích hợp nhiều tính năng mới cho phép bạn làm được nhiều việc hơn bao giờ hết với \r\nCác thông tin Apple đảm bảo ( Pháp lý)\r\n\r\nCần có gói cước dữ liệu. Mạng 5G chỉ khả dụng ở một số thị trường và được cung cấp qua một số nhà mạng. Tốc độ có thể thay đổi tùy địa điểm và nhà mạng. .\r\n\r\nKích thước màn hình tính theo đường chéo.\r\n\r\nThời lượng pin khác nhau tùy theo cách sử dụng và cấu hình. Truy cập  để biết thêm thông tin.\r\n\r\niPhone SE 2022 (thế hệ thứ 3) đạt chuẩn IP67 theo tiêu chuẩn IEC 60529 (chống nước ở độ sâu tối đa 1 mét trong vòng tối đa 30 phút). Khả năng chống tia nước, chống nước và chống bụi không phải là các điều kiện vĩnh viễn, và khả năng này có thể giảm do hao mòn thông thường.\r\n\r\nKhông sạc pin khi iPhone SE 2022 đang bị ướt.\r\n\r\nVui lòng tham khảo hướng dẫn sử dụng để biết cách lau sạch và làm khô máy. Không bảo hành sản phẩm bị hỏng do thấm chất lỏng. Một số tính năng không khả dụng tại một số quốc gia hoặc khu vực.', 16),
(77, ' iPad Pro M1 12.9 WiFi Cellular 512GB', '0010884_ipad-pro-m1-129-inch-wifi-cellular-512gb_550.webp', 32990000, 42990000, 'bg-dark', '512GB', '2023-11-21', 'iPad Pro 12.9 inch (2021) Chiếc iPad đỉnh cao với chip Apple M1 siêu mạnh, màn hình Liquid Retina XDR 12.9 inch sống động, kết nối không dây siêu nhanh. Thắt dây an toàn vào đi nào.\r\n\r\nTính năng nổi bật\r\n\r\nChip Apple  nâng hiệu suất lên một đẳng cấp mới\r\nMàn hình Liquid Retina XDR 12.9 inch lộng lẫy với ProMotion, True Tone và dải màu rộng P3\r\nHệ thống camera TrueDepth với camera trước Ultra Wide tích hợp tính năng Trung Tâm Sân Khấu\r\nCamera Wide 12MP, camera Ultra Wide 10MP và LiDAR Scanner cho trải nghiệm thực tế ảo tăng cường sống động\r\nLuôn kết nối với Wi-Fi 6 siêu nhanh và mạng LTE\r\nLàm được nhiều việc hơn với thời lượng pin bền bỉ cả ngày\r\nCổng Thunderbolt cho kết nối nhanh với bộ nhớ ngoài, màn hình và dock\r\nXác thực bảo mật với Face ID\r\nBốn loa âm thanh và năm micro chuẩn studio\r\nHỗ trợ Apple Pencil (thế hệ thứ 2), Magic Keyboard và Smart Keyboard Folio \r\niPadOS mạnh mẽ, trực quan và được thiết kế riêng cho iPad\r\nHơn 1 triệu ứng dụng trên App Store dành riêng cho iPad\r\nBộ sản phẩm bao gồm\r\n\r\nMáy tính bảng. Dây sạc. Củ sạc 18W. HDSD bảo hành điện tử 12 tháng\r\n\r\nCác thông tin Apple đảm bảo ( Pháp lý)\r\n\r\nMàn hình có các góc bo tròn. Khi tính theo hình chữ nhật, kích thước màn hình iPad Pro 12.9 inch là 12.9 inch theo đường chéo.\r\n\r\nTrải nghiệm  cùng kích thước màn hình nhưng ở một phiên bản chip nâng cấp siêu khủng hơn.\r\n\r\nDiện tích hiển thị thực tế nhỏ hơn. Cần có gói cước dữ liệu. Liên hệ với nhà mạng tại thị trường của bạn để biết thêm chi tiết. Tốc độ có thể thay đổi tùy địa điểm. Thời lượng pin khác nhau tùy theo cách sử dụng và cấu hình. Truy cập apple.com/batteries để biết thêm thông tin. Phụ kiện được bán riêng. Khả năng tương thích tùy thuộc thế hệ sản phẩm.\r\n\r\nNếu bạn làm việc với các app 3D mô phỏng, sử dụng thực tế ảo tăng cường, thêm đồ vật vào không gian thực,… từ cơ bản đến nâng cao hơn.  thể nói iPad Pro M1 “đủ sức” với các nhu cầu trên, song, xét trên mặt lý thuyết thì M2 còn làm tốt hơn nữa.\r\n\r\nTham khảo 2 sản phẩm iPad Pro M2 kích thước nhỏ gọn với giá ưu đãi hơn:\r\n\r\nM2 sẽ nhanh hơn 40% so với M1 trong việc  nhận diện gương mặt khi đang edit video để chạy tracking, trở nên nhanh và mượt hơn, thông minh hơn. Nhưng vẫn có thể khẳng định con chip M1 vẫn khủng và đảm bảo tốt cho bạn công việc văn phòng, đồ họa cơ bản,...\r\n\r\nNếu bạn cần một chiếc iPad vừa ý, gọn nhẹ mà vẫn đáp ứng đầy đủ các yếu tố cần thiết cho công việc cơ bản và giải trí thì có thể cân nhắc đến với độ phân giải không kém cạnh. Đặc biệt, sản phẩm này cũng có giá thành \"mềm\" hơn dòng Pro.', 22),
(78, 'iPad Pro M2 11 inch WiFi 128GB', '0007198_ipad-pro-m2-11-inch-wifi-cellular-128gb_550.webp', 23890000, 27990000, 'bg-secondary', '128GB', '2022-01-11', 'Hệ điều hành & CPU	\r\nHệ điều hành:\r\n\r\niPadOS 16\r\nChip xử lý (CPU):\r\n\r\nApple M2 8 nhân\r\nTốc độ CPU:\r\nHãng không công bố\r\nChip đồ hoạ (GPU):\r\n\r\nApple GPU 10 nhân\r\nKết nối:	\r\nMạng di động:\r\n\r\nHỗ trợ 5G\r\nSIM:\r\n\r\n1 Nano SIM hoặc 1 eSIM\r\nThực hiện cuộc gọi:\r\n\r\nFaceTime\r\nWifi:\r\n\r\nDual-band\r\n\r\nWi-Fi 802.11 a/b/g/n/ac/ax\r\n\r\nMIMO\r\n\r\nGPS:\r\n\r\nGPSiBeacon\r\nBluetooth:\r\n\r\nv5.3\r\nCổng kết nối/sạc:\r\n\r\nType-C\r\nJack tai nghe:\r\n\r\nType C\r\nKết nối khác:\r\n\r\nKhông có\r\nTiện ích đặc biệt:	\r\nTính năng đặc biệt:\r\n\r\nÂm thanh Dolby Atmos\r\n\r\nKết nối bàn phím rời\r\n\r\nMở khóa bằng khuôn mặt (Face ID)\r\n\r\nKết nối Apple Pencil 2\r\n\r\nDolby Vision\r\n\r\n4 loa\r\n\r\nGhi âm:\r\n\r\nCó\r\nRadio:\r\n\r\nKhông có\r\nTiện ích khác:	\r\nChất liệu:\r\n\r\nKim loại nguyên khối\r\nKích thước, khối lượng:\r\n\r\nDài 247.6 mm - Ngang 178.5 mm - Dày 5.9 mm - Nặng 470 g\r\nThời điểm ra mắt:\r\n\r\n10/2022\r\nCamera sau	\r\nĐộ phân giải:\r\n\r\nChính 12 MP & Phụ 10 MP, TOF 3D LiDAR\r\nQuay phim:\r\n\r\n4K 2160p@30fps\r\n\r\nFullHD 1080p@30fps\r\n\r\nHD 720p@30fps\r\n\r\n4K 2160p@24fps\r\n\r\n4K 2160p@60fps\r\n\r\nFullHD 1080p@60fps\r\n\r\n4K 2160p@25fps\r\n\r\nFullHD 1080p@25fps\r\n\r\nTính năng:\r\n\r\nBộ lọc màu\r\n\r\nChống rung OIS\r\n\r\nQuay chậm (Slow Motion)\r\n\r\nChế độ điện ảnh\r\n\r\nSmart HDR 4\r\n\r\nTự động lấy nét (AF)\r\n\r\nToàn cảnh (Panorama)\r\n\r\nGắn thẻ địa lý\r\n\r\nGóc siêu rộng\r\n\r\nZoom quang học\r\n\r\nZoom kỹ thuật số\r\n\r\nTua nhanh thời gian (Time‑lapse)\r\n\r\nCamera trước	\r\nĐộ phân giải:\r\n\r\n12 MP\r\nTính năng:\r\n\r\nTrôi nhanh thời gian (Time Lapse)\r\n\r\nChế độ điện ảnh\r\n\r\nSmart HDR 4\r\n\r\nQuay video Full HD\r\n\r\nQuay video HD\r\n\r\nLive Photos\r\n\r\nBộ lọc màu\r\n\r\nXóa phông\r\n\r\nPin	\r\nDung lượng pin:\r\n28.65 Wh (~ 7538 mAh)\r\nLoại pin:\r\n\r\nLi-Po\r\nCông nghệ pin:\r\n\r\nSạc pin nhanh\r\nTiết kiệm pin\r\nHỗ trợ sạc tối đa:\r\n\r\n20 W\r\nSạc kèm theo máy:\r\n\r\n20 W\r\nCông nghệ màn hình	\r\nCông nghệ màn hình:\r\n\r\nLiquid Retina\r\nĐộ phân giải:\r\n\r\n1668 x 2388 Pixels\r\nMàn hình rộng:\r\n\r\n11\" - Tần số quét 120 Hz\r\nDung lượng lưu trữ	\r\nRAM:\r\n8 GB\r\nDung lượng lưu trữ:\r\n\r\n128 GB\r\nThẻ nhớ ngoài:\r\n\r\nKhông có', 22),
(79, 'iPad Gen 10th 10.9 inch WiFi 256GB', '0023023_blue_550.jpeg', 14290000, 16990000, 'bg-info', '256GB', '2023-03-21', 'Hệ điều hành & CPU	\r\nHệ điều hành:\r\n\r\niPadOS 16\r\nChip xử lý (CPU):\r\n\r\nApple A14 Bionic 6 nhân\r\nTốc độ CPU:\r\n2 nhân 3.1 GHz & 4 nhân 1.8 GHz\r\nChip đồ hoạ (GPU):\r\n\r\nApple GPU 4 nhân\r\nBộ nhớ trong:	\r\nRAM:\r\n4 GB\r\nDung lượng lưu trữ:\r\n\r\n256 GB\r\nThẻ nhớ ngoài:\r\n\r\nKhông có\r\nKết nối:	\r\nMạng di động:\r\n\r\nKhông có \r\nSIM:\r\n\r\nKhông có\r\nThực hiện cuộc gọi:\r\n\r\nFaceTime\r\nWifi:\r\n\r\nWi-Fi hotspot\r\n\r\nWi-Fi 802.11 a/b/g/n/ac/ax\r\n\r\nMIMO\r\n\r\nDual-band\r\n\r\nGPS:\r\n\r\nGPS\r\niBeacon\r\nBluetooth:\r\n\r\nv5.2\r\nCổng kết nối/sạc:\r\n\r\nType-C\r\nJack tai nghe:\r\n\r\nType C\r\nKết nối khác:\r\n\r\nKhông có\r\nTiện ích đặc biệt:	\r\nTính năng đặc biệt:\r\n\r\nKết nối Apple Pencil\r\n\r\n4 loa\r\n\r\nMở khóa bằng vân tay\r\n\r\nÂm thanh Dolby Atmos\r\n\r\nKết nối bàn phím rời\r\n\r\nGhi âm:\r\n\r\nCó\r\nRadio:\r\n\r\nKhông có\r\nTiện ích khác:	\r\nChất liệu:\r\n\r\nKhung & Mặt lưng kim loại\r\nKích thước, khối lượng:\r\n\r\nDài 248.6 mm - Ngang 179.5 mm - Dày 7 mm - Nặng 477 g\r\nThời điểm ra mắt:\r\n\r\n10/2022\r\nCamera sau	\r\nĐộ phân giải:\r\n\r\n12 MP\r\nQuay phim:\r\n\r\n4K 2160p@30fps\r\n\r\nFullHD 1080p@30fps\r\n\r\nFullHD 1080p@25fps\r\n\r\n4K 2160p@25fps\r\n\r\nHD 720p@30fps\r\n\r\n4K 2160p@60fps\r\n\r\nFullHD 1080p@60fps\r\n\r\n4K 2160p@24fps\r\n\r\nTính năng:\r\n\r\nBộ lọc màu\r\n\r\nTua nhanh thời gian (Time‑lapse)\r\n\r\nZoom kỹ thuật số\r\n\r\nQuay chậm (Slow Motion)\r\n\r\nSmart HDR 3\r\n\r\nGóc rộng\r\n\r\nToàn cảnh (Panorama)\r\n\r\nGắn thẻ địa lý\r\n\r\nCamera trước	\r\nĐộ phân giải:\r\n\r\n12 MP\r\nTính năng:\r\n\r\nTrôi nhanh thời gian (Time Lapse)\r\n\r\nQuay video Full HD\r\n\r\nBộ lọc màu\r\n\r\nHDR\r\n\r\nPin	\r\nDung lượng pin:\r\n28.6 Wh (~ 7587 mAh)\r\nLoại pin:\r\n\r\nLi-Po\r\nCông nghệ pin:\r\n\r\nSạc pin nhanh\r\nTiết kiệm pin\r\nHỗ trợ sạc tối đa:\r\n\r\n20 W\r\nSạc kèm theo máy:\r\n\r\n20 W\r\nCông nghệ màn hình	\r\nCông nghệ màn hình:\r\n\r\nRetina IPS LCD\r\nĐộ phân giải:\r\n\r\n1640 x 2360 Pixels\r\nMàn hình rộng:\r\n\r\n10.9\" - Tần số quét 60 Hz', 22),
(80, 'iPad Gen 10 th 10.9 inch WiFi 64GB', '0023014_yellow_550.jpeg', 10590000, 12990000, 'bg-warning', '64GB', '2023-04-11', '\r\nTên thuộc tính	Giá trị thuộc tính\r\nHệ điều hành & CPU	\r\nHệ điều hành:\r\niPadOS 16\r\n\r\nChip xử lý (CPU):\r\nApple A14 Bionic 6 nhân\r\nTốc độ CPU:\r\n2 nhân 3.1 GHz & 4 nhân 1.8 GHz\r\nChip đồ hoạ (GPU):\r\nApple GPU 4 nhân\r\nBộ nhớ trong:	\r\nRAM:\r\n4 GB\r\nDung lượng lưu trữ:\r\n64 GB\r\nThẻ nhớ ngoài:\r\nKhông có\r\nKết nối:	\r\nMạng di động:\r\n\r\nKhông có \r\nSIM:\r\n\r\nKhông có\r\nThực hiện cuộc gọi:\r\n\r\nFaceTime\r\nWifi:\r\n\r\nWi-Fi hotspot\r\n\r\nWi-Fi 802.11 a/b/g/n/ac/ax\r\n\r\nMIMO\r\n\r\nDual-band\r\n\r\nGPS:\r\n\r\nGPS\r\niBeacon\r\nBluetooth:\r\n\r\nv5.2\r\nCổng kết nối/sạc:\r\n\r\nType-C\r\nJack tai nghe:\r\n\r\nType C\r\nKết nối khác:\r\n\r\nKhông có\r\nTiện ích đặc biệt:	\r\nTính năng đặc biệt:\r\n\r\nKết nối Apple Pencil\r\n\r\n4 loa\r\n\r\nMở khóa bằng vân tay\r\n\r\nÂm thanh Dolby Atmos\r\n\r\nKết nối bàn phím rời\r\n\r\nGhi âm:\r\n\r\nCó\r\nRadio:\r\n\r\nKhông có\r\nTiện ích khác:	\r\nChất liệu:\r\n\r\nKhung & Mặt lưng kim loại\r\nKích thước, khối lượng:\r\n\r\nDài 248.6 mm - Ngang 179.5 mm - Dày 7 mm - Nặng 477 g\r\nThời điểm ra mắt:\r\n\r\n10/2022\r\nCamera sau	\r\nĐộ phân giải:\r\n\r\n12 MP\r\nQuay phim:\r\n\r\n4K 2160p@30fps\r\n\r\nFullHD 1080p@30fps\r\n\r\nFullHD 1080p@25fps\r\n\r\n4K 2160p@25fps\r\n\r\nHD 720p@30fps\r\n\r\n4K 2160p@60fps\r\n\r\nFullHD 1080p@60fps\r\n\r\n4K 2160p@24fps\r\n\r\nTính năng:\r\n\r\nBộ lọc màu\r\n\r\nTua nhanh thời gian (Time‑lapse)\r\n\r\nZoom kỹ thuật số\r\n\r\nQuay chậm (Slow Motion)\r\n\r\nSmart HDR 3\r\n\r\nGóc rộng\r\n\r\nToàn cảnh (Panorama)\r\n\r\nGắn thẻ địa lý\r\n\r\nCamera trước	\r\nĐộ phân giải:\r\n\r\n12 MP\r\nTính năng:\r\n\r\nTrôi nhanh thời gian (Time Lapse)\r\n\r\nQuay video Full HD\r\n\r\nBộ lọc màu\r\n\r\nHDR\r\n\r\nPin	\r\nDzung lượng pin:\r\n     28.6 Wh (~ 7587 mAh)\r\n\r\nLoại pin:\r\n\r\n     Li-Po\r\n\r\nCông nghệ pin:\r\n\r\nSạc pin nhanh\r\n\r\nTiết kiệm pin\r\n\r\nHỗ trợ sạc tối đa:\r\n\r\n20 W\r\n\r\nSạc kèm theo máy:\r\n20 W\r\n\r\nCông nghệ màn hình	\r\nCông nghệ màn hình:\r\nRetina IPS LCD\r\nĐộ phân giải:\r\n1640 x 2360 Pixels\r\nMàn hình rộng:\r\n10.9\" - Tần số quét 60 Hz', 22),
(81, 'iPad Air 4 64GB', '0001236_green_550.webp', 14990000, 19990000, 'bg-success', '64GB', '2022-02-11', 'iPad Air 2020. Màn hình Liquid Retina 10.9 inch tuyệt đẹp và công nghệ True Tone cho bạn những trải nghiệm thị giác thật dễ chịu. Chip A14 Bionic mới cùng công nghệ Neural Engine là nền tảng sức mạnh giúp bạn biên tập video 4K, soạn nhạc và giải trí cùng các trò chơi đẳng cấp, mọi tác vụ đều trở nên vô cùng đơn giản. Touch ID nhanh nhạy và dễ sử dụng với tính năng bảo mật cao, hệ thống camera hiện đại, USB-C, hỗ trợ đa dạng phụ kiện kể cả Magic Keyboard và Apple Pencil (thế hệ thứ 2).\r\n\r\nTính năng nổi bật\r\n\r\nMàn hình Liquid Retina 10.9 inch sắc nét với True Tone và dải màu rộng P3\r\nChip A14 Bionic với Neural Engine\r\nXác thực bảo mật với Touch ID\r\nCamera sau 12MP, camera trước FaceTime HD 7MP\r\nHiện có các màu Bạc, Xám Bạc, Hồng Kim, Xanh Lá và Xanh Da Trời\r\nÂm thanh stereo rộng\r\nWi-Fi 6 (802.11ax) và dữ liệu di động LTE Gigabit\r\nThời lượng pin lên đến 10 giờ\r\nCổng kết nối USB-C để sạc và kết nối phụ kiện\r\nHỗ trợ Magic Keyboard, Smart Keyboard Folio và Apple Pencil (thế hệ thứ 2)\r\niPadOS 14 mang đến cho bạn các chức năng mới được thiết kế dành riêng cho iPad\r\nBộ sản phẩm bao gồm \r\n\r\n  Máy tính bảng. Dây sạc. Củ sạc 20W. HDSD bảo hành điện tử 12 tháng\r\n\r\nCác thông tin Apple đảm bảo ( Pháp lý )\r\n\r\nMàn hình có các góc bo tròn. Khi tính theo hình chữ nhật, kích thước màn hình iPad Air (thế hệ thứ 4) là 10.86 inch theo đường chéo. Diện tích hiển thị thực tế nhỏ hơn. Không bán kèm phụ kiện. Khả năng tương thích tùy thuộc thế hệ sản phẩm.Thời lượng pin khác nhau tùy theo cách sử dụng và cấu hình. Truy cập apple.com/batteries để biết thêm thông tin. Cần có gói cước dữ liệu. Mạng LTE Gigabit, 4G LTE Advanced, 4G LTE và gọi Wi-Fi chỉ khả dụng ở một số thị trường và được cung cấp qua một số nhà mạng. Tốc độ phụ thuộc vào thông lượng lý thuyết và có thể thay đổi tùy địa điểm và nhà mạng. Để biết thông tin về hỗ trợ mạng LTE, vui lòng liên hệ nhà mạng và truy cập apple.com/ipad/LTE.\r\n\r\n \r\n\r\n}\r\nĐăng ký nhận tin từ ShopDunk\r\nThông tin sản phẩm mới nhất và chương trình khuyến mãi\r\n\r\nEmail của bạn\r\nNăm 2020, ShopDunk trở thành đại lý ủy quyền của Apple. Chúng tôi phát triển chuỗi cửa hàng tiêu chuẩn và Apple Mono Store nhằm mang đến trải nghiệm tốt nhất về sản phẩm và dịch vụ của Apple cho người dùng Việt Nam.\r\n\r\nThông tin\r\nChính sách\r\nĐịa chỉ & Liên hệ\r\nNhánh 1: khu vực Hà Nội và các tỉnh phía bắc\r\nNhánh 2: khu vực Hồ Chí Minh và các tỉnh phía nam\r\nNhánh 3: Khiếu nại và góp ý\r\n© 2016 Công ty Cổ Phần HESMAN Việt Nam GPDKKD: 0107465657 do Sở KH & ĐT TP. Hà Nội cấp ngày 08/06/2016.\r\nĐịa chỉ: Số 76 Thái Hà, phường Trung Liệt, quận Đống Đa, thành phố Hà Nội, Việt Nam\r\nĐại diện pháp luật: PHẠM MẠNH HÒA | ĐT: 0247.305.9999 | Email: lienhe@shopdunk.com\r\n', 22),
(82, 'iPad Air 5 WiFi 64GB', '0019255_ipad-air-5-wifi-64gb_550 (1).webp', 13590000, 16990000, 'bg-secondary', '64GB', '2023-03-11', 'iPad Air 5 (2022) iPad Air. Với màn hình Liquid Retina 10.9 inch sống động. Chip Apple M1 đột phá cho hiệu năng nhanh hơn, giúp iPad Air trở nên siêu mạnh mẽ để sáng tạo và chơi game di động. Sở hữu Touch ID, camera tiên tiến, 5G và Wi-Fi 6 nhanh như chớp, cổng USB-C, cùng khả năng hỗ trợ Magic Keyboard và Apple Pencil (thế hệ thứ 2).\r\n\r\nTính năng nổi bật\r\n\r\nMàn hình Liquid Retina 10.9 inch với True Tone, dải màu rộng P3 và lớp phủ chống phản chiếu\r\nChip Apple M1 với Neural Engine\r\nCamera Wide 12MP\r\nCamera trước Ultra Wide 12MP với tính năng Trung Tâm Màn Hình\r\nỔ lưu trữ lên đến 256GB\r\nHiện có màu Xanh Dương, Tím, Hồng, Ánh Sao và Xám Bạc\r\nLoa stereo ở cạnh trên và cạnh dưới\r\nXác thực bảo mật với Touch ID\r\nPin dùng cả ngày\r\nWi-Fi 6 và mạng 5G\r\nCổng kết nối USB-C để sạc và kết nối phụ kiện\r\nTương thích với Magic Keyboard, Smart Keyboard Folio và Apple Pencil (thế hệ thứ 2)\r\niPadOS 15 sở hữu sức mạnh độc đáo, dễ sử dụng và được thiết kế cho tính đa năng của iPad\r\nCác thông tin Apple đảm bảo ( Pháp lý) \r\n\r\n Ứng dụng có sẵn trên App Store. Nội dung được cung cấp có thể thay đổi.\r\nMàn hình có các góc bo tròn. Khi tính theo đường chéo hình chữ nhật, kích thước màn hình iPad Air là 10.86 inch. Diện tích hiển thị thực tế nhỏ hơn. Cần có gói cước dữ liệu. Mạng 5G chỉ khả dụng ở một số thị trường và được cung cấp qua một số nhà mạng. Tốc độ có thể thay đổi tùy địa điểm và nhà mạng. Để biết thông tin về hỗ trợ mạng 5G, vui lòng liên hệ nhà mạng và truy cập  Phụ kiện được bán riêng. Khả năng tương thích tùy thuộc thế hệ sản phẩm. Thời lượng pin khác nhau tùy theo cách sử dụng và cấu hình. Truy cập  để biết thêm thông tin.', 22),
(83, 'Mac mini M2 (10-Core GPU| 8GB RAM | 512GB SSD)', '0011572_mac-mini-m2-10-core-gpu-8gb-ram-512gb-ssd_550.jpeg', 19650000, 23990000, 'bg-secondary', '512GB', '2022-12-11', 'CPU:	\r\nCông nghệ CPU:\r\n\r\nApple M2\r\nTốc độ CPU:\r\n\r\n100GB/s memory bandwidth\r\nBộ nhớ trong:	\r\nRAM:\r\n\r\n8 GB\r\nỔ cứng:\r\n\r\n512 GB SSD\r\nKết nối được với hệ điều hành:	\r\nThiết kế card:\r\n\r\nCard đồ hoạ tích hợp\r\nCard màn hình:\r\n\r\n10-core GPU\r\nCông nghệ âm thanh:\r\n\r\nKhông có\r\nKết nối:	\r\nCổng giao tiếp:\r\n\r\nHDMI\r\n\r\n2 x USB A\r\n\r\n2 x Thunderbolt 4\r\n\r\nJack 3.5 mm\r\n\r\nLAN (RJ45)\r\n\r\nGiao tiếp mạng:\r\n\r\nWi-Fi 6E (802.11ax)Bluetooth 5.3\r\nKhe đọc thẻ nhớ:\r\n\r\nKhông có\r\nKích thước, khối lượng:	\r\nKích thước, khối lượng:\r\n\r\nDài 197 mm - Rộng 197 mm - Dày 35.8 mm - Nặng 1.18 kg\r\nTiện ích khác:	\r\nBộ nguồn điện:\r\n\r\n150 W\r\nHệ điều hành:\r\n\r\nMac OS\r\nThời gian ra mắt:\r\n\r\n2023', 19),
(84, 'MacBook Pro 13 inch M2 (10 core| 8GB RAM| 512GB SSD)', '0011790_macbook-pro-13-inch-m2-2022-10-core-8gb-ram-512gb-ssd_550 (1).webp', 33990000, 41990000, 'bg-secondary', '512GB', '2023-02-21', 'MacBook Pro 13 inch nay đa năng hơn bao giờ hết. Siêu mạnh mẽ với chip M2 thế hệ tiếp theo, đây là chiếc máy tính xách tay chuyên nghiệp nhỏ gọn nhất của Apple, cùng thời lượng pin lên đến 20 giờ.1Tính năng nổi bậtChip M2 với CPU, GPU và hiệu năng máy học thế hệ tiếp theoCPU 8 lõi và GPU 10 lõi tốc độ cao để đảm đương những luồng công việc cường độ nặngNeural Engine 16 lõi cho các tác vụ sử dụng công nghệ máy học tiên tiếnBộ nhớ thống nhất lên đến 24GB giúp bạn làm mọi thứ đều trôi chảyNhanh hơn 43 phần trăm khi hợp nhất các hình ảnh thành một bức tranh toàn cảnh2Tốc độ chơi game nhanh hơn tới 39%2Hệ thống tản nhiệt chủ động mang lại hiệu năng tuyệt vờiHoạt động bền bỉ cả ngày dài với thời lượng pin lên đến 20 giờ1Màn hình Retina 13.3 inch với độ sáng 500 nit và dải màu rộng P3, cho hình ảnh sống động và chi tiết ấn tượng3Camera FaceTime HD với bộ xử lý tín hiệu hình ảnh tiên tiến để bạn trông đẹp hơn trong các cuộc gọi videoBa micrô phối hợp chất lượng chuẩn studio thu giọng nói của bạn rõ hơnKết nối không dây nhanh với Wi-Fi 6Hai cổng Thunderbolt để sạc và kết nối phụ kiệnBàn phím Magic Keyboard có đèn nền với Touch Bar và Touch ID, giúp mở khóa và thanh toán an toàn hơnỔ lưu trữ SSD siêu nhanh giúp mở các ứng dụng và tập tin chỉ trong tích tắcmacOS Ventura mang đến cho bạn những phương thức mới và hiệu quả để hoàn thành nhiều việc hơn, chia sẻ và cộng tác trên tất cả các thiết bị AppleHiện có màu xám bạc và bạc', 19);
INSERT INTO `san_pham` (`id_san_pham`, `ten_san_pham`, `img`, `gia`, `gia_sale`, `mau`, `dung_luong`, `ngay_nhap`, `mo_ta_sp`, `id_danh_muc`) VALUES
(85, 'MacBook Pro 16 M1 Pro (16 Core/16GB/512SSD)', '0000635_macbook-pro-16-m1-pro-16-core16gb512ssd_550.png', 46990000, 68990000, 'bg-secondary', '512GB', '2022-11-11', 'MacBook Pro M1 16 Core-GPU (16 inch) mới mang đến hiệu năng cao ấn tượng cho người dùng pro. Lựa chọn M1 Pro mạnh mẽ hay M1 Max còn mạnh hơn thế để tăng tốc xử lý các luồng công việc đẳng cấp pro cùng thời lượng pin đáng kinh ngạc. Với màn hình Liquid Retina XDR 16 inch sống động và nhiều cổng kết nối chuyên nghiệp, bạn có thể làm được nhiều việc hơn bao giờ hết với MacBook Pro.\r\n\r\nTính năng nổi bật\r\nChip M1 Max hoặc M1 Pro do Apple thiết kế tạo ra một cú nhảy vọt về hiệu năng máy học, CPU và GPU \r\nCPU lên đến 10 lõi cho hiệu năng nhanh hơn đến 2x, xử lý các luồng công việc chuyên nghiệp nhanh hơn bao giờ hết\r\nGPU lên đến 32 lõi với tốc độ xử lý đồ họa nhanh hơn đến 4x cho các ứng dụng và game có đồ họa khủng\r\nNeural Engine 16 lõi cho hiệu năng máy học nhanh hơn đến 5x\r\nThời lượng pin lâu hơn, lên đến 21 giờ\r\nBộ nhớ thống nhất lên đến 64GB giúp bạn làm việc gì cũng nhanh chóng và trôi chảy\r\nỔ lưu trữ SSD siêu nhanh lên đến 8TB giúp mở các ứng dụng và tập tin chỉ trong tích tắc\r\nMàn hình Liquid Retina XDR 16 inch sắc nét với Extreme Dynamic Range và tỷ lệ tương phản cực cao\r\nCamera FaceTime HD 1080p với bộ xử lý tín hiệu hình ảnh tiên tiến cho các cuộc gọi video sắc nét hơn\r\nHệ thống âm thanh 6 loa với loa trầm khử lực\r\nBa micro phối hợp chuẩn studio thu giọng nói của bạn rõ hơn\r\nBa cổng Thunderbolt 4, cổng HDMI, khe thẻ nhớ SDXC, jack cắm tai nghe, cổng MagSafe 3\r\nWi-Fi 6 thế hệ mới giúp kết nối nhanh hơn\r\nBàn phím Magic Keyboard có đèn nền và Touch ID giúp mở khóa và thanh toán an toàn hơn\r\nmacOS Monterey cho phép bạn kết nối, chia sẻ và sáng tạo hơn bao giờ hết, với các bản cập nhật FaceTime\r\nmới đầy thú vị và Safari đã được thiết kế lại\r\nHiện có màu xám bạc và bạc\r\nCác thông tin Apple đảm bảo ( Pháp lý) \r\n\r\nHiện có sẵn các lựa chọn để nâng cấp. \r\nThời lượng pin khác nhau tùy theo cách sử dụng và cấu hình. Truy cập apple.com/batteries để biết thêm thông tin. Màn hình của MacBook Pro 16 inch có các góc trên được bo tròn. Khi tính theo hình chữ nhật chuẩn, kích thước màn hình theo đường chéo là 16.2 inch (diện tích hiển thị thực tế nhỏ hơn). So với thế hệ trước.', 19),
(86, 'MacBook Air M1 2020 (8GB RAM | 256GB SSD)', '0006177_space-gray_550.webp', 18790000, 28990000, 'bg-body', '256GB', '2022-12-12', 'MacBook Air M1 Là máy tính xách tay mỏng và nhẹ nhất của Apple – nay thay đổi ngoạn mục với chip Apple M1 mạnh mẽ. Tạo ra một cú nhảy vọt về hiệu năng CPU và đồ họa, cùng thời lượng pin lên đến 18 giờ.\r\n\r\nTính năng nổi bật\r\nChip M1 do Apple thiết kế tạo ra một cú nhảy vọt về hiệu năng máy học, CPU và GPU\r\nTăng thời gian sử dụng với thời lượng pin lên đến 18 giờ\r\nCPU 8 lõi cho tốc độ nhanh hơn đến 3.5x, xử lý công việc nhanh chóng hơn bao giờ hết\r\nGPU lên đến 8 lõi với tốc độ xử lý đồ họa nhanh hơn đến 5x cho các ứng dụng và game đồ họa khủng\r\nNeural Engine 16 lõi cho công nghệ máy học hiện đại\r\nBộ nhớ thống nhất 8GB giúp bạn làm việc gì cũng nhanh chóng và trôi chảy\r\nỔ lưu trữ SSD siêu nhanh giúp mở các ứng dụng và tập tin chỉ trong tích tắc\r\nThiết kế không quạt giảm tối đa tiếng ồn khi sử dụng\r\nMàn hình Retina 13.3 inch với dải màu rộng P3 cho hình ảnh sống động và chi tiết ấn tượng\r\nCamera FaceTime HD với bộ xử lý tín hiệu hình ảnh tiên tiến cho các cuộc gọi video đẹp hình, rõ tiếng hơn\r\nBộ ba micro phối hợp tập trung thu giọng nói của bạn, không thu tạp âm môi trường\r\nWi-Fi 6 thế hệ mới giúp kết nối nhanh hơn\r\nHai cổng Thunderbolt / USB 4 để sạc và kết nối phụ kiện\r\nBàn phím Magic Keyboard có đèn nền và Touch ID giúp mở khóa và thanh toán an toàn hơn\r\nmacOS Big Sur với thiết kế mới đầy táo bạo cùng nhiều cập nhật quan trọng cho các ứng dụng Safari, Messages và Maps\r\nHiện có màu vàng kim, xám bạc và bạc\r\nBộ sản phẩm bao gồm  \r\n\r\n  MacBook. Dây sạc. HDSD bảo hành điện tử 12 tháng', 19),
(87, 'MacBook Pro 14 inch M3 Pro 2023(18GB RAM| 512GB SSD)', '0022628_silver_550.jpeg', 49990000, 54990000, 'bg-secondary', '512GB', '2023-11-23', 'Công nghệ màn hình:	Màn hình Liquid Retina XDRMàn hình Liquid Retina XDR 14,2 inch (theo đường chéo); độ phân giải gốc 3024x1964 với mật độ 254 pixel mỗi inchXDR (Extreme Dynamic Range)Tỷ lệ tương phản 1.000.000:1Độ sáng XDR: 1.000 nit liên tục ở chế độ toàn màn hình, độ sáng đỉnh 1.600 nit (chỉ nội dung HDR)Độ sáng SDR: 600 nitMàu sắc1 tỷ màuDải màu rộng (P3)Công nghệ True ToneTốc độ làm mớiCông nghệ ProMotion với tốc độ làm mới thích ứng lên đến 120HzTốc độ làm mới cố định: 47,95Hz, 48,00Hz, 50,00Hz, 59,94Hz, 60,00HzChip	Chip Apple M3 ProCPU 11 lõi với 5 lõi hiệu năng và 6 lõi tiết kiệm điệnGPU 14 lõiCông nghệ dò tia tốc độ cao bằng phần cứngNeural Engine 16 lõiBăng thông bộ nhớ 150GB/sMedia EngineH.264, HEVC, ProRes và ProRes RAW được tăng tốc phần cứngBộ giải mã videoBộ mã hóa videoBộ mã hóa và giải mã ProResBộ giải mã AV1Bộ Nhớ	RAM 8GBCó thể nâng cấp thành:16GB hoặc 24GBPin Và Nguồn Điện	Thời gian xem phim trên ứng dụng Apple TV lên đến 22 giờThời gian duyệt web trên mạng không dây lên đến 15 giờPin Li-Po 70 watt-giờBộ Tiếp Hợp Nguồn USB‑C 70WCáp USB‑C sang MagSafe 3Khả năng sạc nhanh với Bộ Tiếp Hợp Nguồn USB‑C 96WDung Lượng Lưu Trữ	SSD 512GBCó thể nâng cấp thành:1TB hoặc 2TBSạc Và Kết Nối	Hỗ trợ đồng thời độ phân giải gốc đầy đủ trên màn hình tích hợp với 1 tỷ màu và:Một màn hình ngoài với độ phân giải lên đến 6K ở tần số 60HzĐầu ra video kỹ thuật số Thunderbolt 4Hỗ trợ đầu ra DisplayPort gốc qua USB‑C (M3 Pro và M3 Max)Đầu ra video kỹ thuật số HDMIHỗ trợ một màn hình có độ phân giải lên đến 4K ở tần số 120Hz (M3)Hỗ trợ một màn hình có độ phân giải lên đến 8K ở tần số 60Hz hoặc độ phân giải 4K ở tần số 240Hz (M3 Pro và M3 Max)Xem Video	Các định dạng được hỗ trợ bao gồm HEVC, H.264, AV1 và ProResHDR với công nghệ Dolby Vision, HDR10 và HLGNghe Nhạc	Các định dạng được hỗ trợ bao gồm AAC, MP3, Apple Lossless, FLAC, Dolby Digital, Dolby Digital Plus và Dolby AtmosKết Nối Không Dây	Wi‑FiWi‑Fi 6E (802.11ax)BluetoothBluetooth 5.3Bàn phím Magic Keyboard có đèn nền với:78 (U.S.) hoặc 79 (ISO) phím, bao gồm 12 phím chức năng với chiều cao tiêu chuẩn và 4 phím mũi tên theo bố cục hình chữ T ngượcTouch IDCảm biến ánh sáng môi trườngBàn di chuột Force Touch để điều khiển con trỏ chính xác và cảm ứng lực; hỗ trợ Bấm Mạnh, bộ tăng tốc, vẽ cảm ứng lực và các thao tác Multi‑TouchCamera	Camera FaceTime HD 1080pBộ xử lý tín hiệu hình ảnh tiên tiến với video điện toánÂm Thanh	Hệ thống âm thanh sáu loa có độ trung thực cao với loa trầm khử lựcÂm thanh stereo rộngHỗ trợ Âm Thanh Không Gian khi phát nhạc hoặc video với Dolby Atmos trên loa tích hợpÂm Thanh Không Gian với khả năng theo dõi chuyển động đầu chủ động khi sử dụng AirPods (thế hệ thứ 3), AirPods Pro và AirPods MaxDãy ba micrô chất lượng chuẩn studio với tỷ lệ tín hiệu – nhiễu cao và tính năng điều hướng chùm sóngJack cắm tai nghe 3,5 mm có hỗ trợ nâng cao cho tai nghe trở kháng caoCổng HDMI hỗ trợ đầu ra âm thanh đa kênhYêu Cầu Hoạt Động	Điện áp: 100V đến 240V ACTần số: 50Hz đến 60HzNhiệt độ hoạt động: 10° đến 35°CNhiệt độ lưu trữ: −25° đến 45°CĐộ ẩm tương đối: 0% đến 90% không ngưng tụĐộ cao hoạt động: được thử nghiệm ở độ cao lên đến 3.000 mĐộ cao lưu trữ tối đa: 4.500 mĐộ cao vận chuyển tối đa: 10.500 mKích Thước Và Trọng Lượng	Cao: 1,55 cmRộng: 31,26 cmDài: 22,12 cmTrọng lượng (M3): 1,55 kgTrọng lượng (M3 Pro): 1,61 kgTrọng lượng (M3 Max): 1,62 kg', 19),
(88, 'iMac M1 2021 24 inch (8 Core GPU/8GB/512GB)', '0010518_green_550.webp', 36500000, 45990000, 'bg-success', '512GB', '2022-12-12', 'Máy tính Apple iMac M1 2021 24 inch 7-Core GPU 8GB RAM 256GB SSD\r\n\r\niMac 24 inch (2021) Thay đổi ngoạn mục với chip Apple M1, iMac nay mỏng ấn tượng và mạnh không thể tưởng. Được tạo tác để nổi bật trong mọi môi trường và phù hợp hoàn toàn với cuộc sống của bạn.\r\n\r\nTính năng nổi bật\r\nMàn hình Retina 4.5K 24 inch với gam màu rộng P3 và độ sáng 500 nit\r\nChip Apple M1 đem đến hiệu năng mạnh mẽ với CPU 8 lõi và GPU 7 hoặc 8 lõi\r\nThiết kế mỏng ấn tượng 11.5mm với sắc màu sống động\r\nCamera FaceTime HD 1080p với M1 ISP để quay video chất lượng ấn tượng\r\nDãy ba micro chuẩn phòng thu để thực hiện cuộc gọi và ghi âm tiếng trong như pha lê\r\nHệ thống âm thanh sáu loa cho trải nghiệm âm thanh chất lượng cao và mạnh mẽ ấn tượng\r\nBộ lưu trữ SSD siêu nhanh lên đến 512GB\r\nHai cổng Thunderbolt / USB và lên đến hai cổng USB\r\nWi-Fi 6 siêu nhanh và công nghệ không dây Bluetooth 5.0\r\nPhối màu hoàn hảo giữa Magic Mouse và Magic Keyboard hoặc Magic Keyboard và Touch ID\r\nmacOS sở hữu thiết kế ấn tượng, dễ sử dụng và phối hợp mượt mà với iPhone\r\nCó các màu xanh dương, xanh lá, hồng, bạc, vàng, cam và tím\r\nBộ sản phẩm bao gồm\r\n\r\niMac. Cáp nguồn. Dây cáp Lightning. Magic Keyboard. Magic Mouse.  HDSD bảo hành điện tử 12 tháng \r\n\r\nCác thông tin Apple đảm bảo ( Pháp lý )\r\n\r\nCó sẵn các lựa chọn cấu hình. Các màu iMac có sẵn tại cửa hàng có thể thay đổi.\r\n\r\nKích thước thật của màn hình theo đường chéo là 23.5 inch. Magic Keyboard với Touch ID được cung cấp dưới dạng một lựa chọn cho phép tùy chỉnh cấu hình.', 19),
(89, 'MacBook Air M2 2022 (8GB RAM | 256GB SSD)', '0008503_macbook-air-136-inch-m2-chip-with-8-core-cpu-and-8-core-gpu-256gb_550.png', 26790000, 32990000, 'bg-black', '256GB', '2022-11-12', '\r\nTên thuộc tính	Giá trị thuộc tính\r\nCPU:	\r\nCông nghệ CPU: Apple M2\r\n\r\nSố nhân: 8\r\n\r\nSố luồng: Hãng không công bố\r\n\r\nTốc độ CPU: 100 GB/s memory bandwidth\r\n\r\nTốc độ tối đa: Hãng không công bố\r\n\r\nBộ nhớ đệm: Hãng không công bố\r\n\r\nBộ nhớ trong:	\r\nRAM: 8GB\r\n\r\nLoại RAM: Hãng không công bố\r\n\r\nTốc độ Bus RAM: Hãng không công bố\r\n\r\nHỗ trợ RAM tối đa: Không hỗ trợ nâng cấp\r\n\r\nỔ cứng: 256 GB SSD\r\n\r\nTiện ích đặc biệt:	\r\nCard màn hình: Card tích hợp - 8 nhân GPU\r\n\r\nCông nghệ âm thanh: Spatial Audio; 3 microphones; 4 Loa; Dolby Atmos\r\n\r\nKết nối:	\r\nCổng giao tiếp: Jack tai nghe 3.5 mm; MagSafe 3; 2 x Thunderbolt 3\r\n\r\nKết nối không dây: Bluetooth 5.0; Wi-Fi 6 (802.11ax)\r\n\r\nWebcam: 1080p FaceTime HD camera\r\n\r\nTính năng khác: Sạc MagSafe; Bảo mật vân tay\r\n\r\nĐèn bàn phím: Có\r\n\r\nKích thước, khối lượng:	\r\nKích thước: Dài 304.1 mm - Rộng 215 mm - Dày 11.3 mm\r\n\r\nKhối lượng: 1.24g\r\n\r\nChất liệu: Vỏ kim loại\r\n\r\nTiện ích khác:	\r\nThông tin Pin: Khoảng 10 tiếng\r\n\r\nHệ điều hành: Mac OS\r\n\r\nThời điểm ra mắt: 06/2022\r\n\r\nCông nghệ màn hình	\r\nMàn hình: 13.6 inch\r\n\r\nĐộ phân giải: Liquid Retina (2560 x 1664)\r\n\r\nTần số quét: Hãng không công bố\r\n\r\nCông nghệ màn hình: Wide color (P3); 500 nits brightness; True Tone Technology; 1 tỷ màu\r\n\r\n', 19),
(90, 'MacBook Air M2 2022 (8GB RAM | 256GB SSD)', '0008514_macbook-air-136-inch-m2-chip-with-8-core-cpu-and-8-core-gpu-256gb_550.png', 26790000, 32990000, 'bg-secondary', '256GB', '2022-12-11', 'CPU:	\r\nCông nghệ CPU: Apple M2\r\n\r\nSố nhân: 8\r\n\r\nSố luồng: Hãng không công bố\r\n\r\nTốc độ CPU: 100 GB/s memory bandwidth\r\n\r\nTốc độ tối đa: Hãng không công bố\r\n\r\nBộ nhớ đệm: Hãng không công bố\r\n\r\nBộ nhớ trong:	\r\nRAM: 8GB\r\n\r\nLoại RAM: Hãng không công bố\r\n\r\nTốc độ Bus RAM: Hãng không công bố\r\n\r\nHỗ trợ RAM tối đa: Không hỗ trợ nâng cấp\r\n\r\nỔ cứng: 256 GB SSD\r\n\r\nTiện ích đặc biệt:	\r\nCard màn hình: Card tích hợp - 8 nhân GPU\r\n\r\nCông nghệ âm thanh: Spatial Audio; 3 microphones; 4 Loa; Dolby Atmos\r\n\r\nKết nối:	\r\nCổng giao tiếp: Jack tai nghe 3.5 mm; MagSafe 3; 2 x Thunderbolt 3\r\n\r\nKết nối không dây: Bluetooth 5.0; Wi-Fi 6 (802.11ax)\r\n\r\nWebcam: 1080p FaceTime HD camera\r\n\r\nTính năng khác: Sạc MagSafe; Bảo mật vân tay\r\n\r\nĐèn bàn phím: Có\r\n\r\nKích thước, khối lượng:	\r\nKích thước: Dài 304.1 mm - Rộng 215 mm - Dày 11.3 mm\r\n\r\nKhối lượng: 1.24g\r\n\r\nChất liệu: Vỏ kim loại\r\n\r\nTiện ích khác:	\r\nThông tin Pin: Khoảng 10 tiếng\r\n\r\nHệ điều hành: Mac OS\r\n\r\nThời điểm ra mắt: 06/2022\r\n\r\nCông nghệ màn hình	\r\nMàn hình: 13.6 inch\r\n\r\nĐộ phân giải: Liquid Retina (2560 x 1664)\r\n\r\nTần số quét: Hãng không công bố\r\n\r\nCông nghệ màn hình: Wide color (P3); 500 nits brightness; True Tone Technology; 1 tỷ màu\r\n\r\n', 19),
(91, ' MacBook Pro 16 inch M2 Pro (19 Core| 32GB| 512GB) - CTO', '0011517_macbook-pro-16-inch-m2-pro-19-core-32gb-512gb-cto_550.jpeg', 73750000, 75990000, 'bg-secondary', '512GB', '2022-12-13', 'CPU:	\r\nCông nghệ CPU:\r\n\r\nApple M2 Pro\r\nSố nhân:\r\n\r\n12\r\nSố luồng:\r\n\r\nHãng không công bố\r\nTốc độ CPU:\r\n\r\n200 GB/s memory bandwidth\r\nTốc độ tối đa:\r\n\r\nHãng không công bố\r\nBộ nhớ đệm:\r\n\r\nHãng không công bố\r\nBộ nhớ trong:	\r\nRAM:\r\n\r\n16 GB\r\nTốc độ Bus RAM:\r\n\r\nHãng không công bố\r\nHỗ trợ RAM tối đa:\r\n\r\nKhông hỗ trợ nâng cấp\r\nỔ cứng:\r\n\r\n512 GB SSD\r\nTiện ích đặc biệt:	\r\nCard màn hình:\r\n\r\nCard tích hợp - 19 nhân GPU\r\nCông nghệ âm thanh:\r\n\r\nWide stereo sound\r\n\r\nSpatial Audio\r\n\r\nDolby Atmos\r\n\r\nKết nối:	\r\nCổng giao tiếp:\r\n\r\nHDMI\r\n\r\nJack tai nghe 3.5 mm\r\n\r\nMagSafe 3\r\n\r\n3 x Thunderbolt 4\r\n\r\nKết nối không dây:\r\n\r\nWi-Fi 6E (802.11ax)Bluetooth 5.3\r\nKhe đọc thẻ nhớ:\r\n\r\nSD\r\nWebcam:\r\n\r\n1080p FaceTime HD camera\r\nTính năng khác:\r\n\r\nBảo mật vân tay\r\nĐèn bàn phím:\r\n\r\nCó\r\nKích thước, khối lượng:	\r\nKích thước, khối lượng:\r\n\r\nDài 355.7 mm - Rộng 248.1 mm - Dày 16.8 mm - Nặng 2.15 kg\r\nChất liệu:\r\n\r\nVỏ kim loại\r\nTiện ích khác:	\r\nThông tin Pin:\r\n\r\nKhoảng 10 tiếng\r\nHệ điều hành:\r\n\r\nMac OS\r\nThời điểm ra mắt:\r\n\r\n2023\r\nCông nghệ màn hình	\r\nMàn hình:\r\n\r\n16.2 inch\r\nĐộ phân giải:\r\n\r\nLiquid Retina XDR display (3456 x 2234)\r\nTần số quét:\r\n\r\nup to 120Hz\r\nCông nghệ màn hình:\r\n\r\nProMotion\r\n\r\nWide color (P3)\r\n\r\nĐộ sáng 1000 nits\r\n\r\nTrue Tone Technology\r\n\r\n1 tỷ màu', 19),
(92, ' iMac M3 2023 24 inch (8 Core GPU/8GB/256GB)', '0022757_silver_550.jpeg', 36990000, 39990000, 'bg-secondary', '256GB', '2023-11-12', 'Tính năng màn hình	\r\nMột màn hình rời có độ phân giải lên đến 6K ở tần số 60Hz\r\nĐầu ra DisplayPort gốc qua cổng USB-C\r\nHỗ trợ đầu ra VGA, HDMI, DVI và Thunderbolt 2 bằng cách sử dụng bộ tiếp hợp\r\n(được bán riêng)\r\nChip	\r\nCPU 8 lõi với 4 lõi hiệu năng và 4 lõi tiết kiệm điện\r\nGPU 8 lõi\r\nCông nghệ dò tia tốc độ cao bằng phần cứng\r\nNeural Engine 16 lõi\r\nBăng thông bộ nhớ 100GB/s\r\nMàn Hình	\r\nĐộ phân giải 4480x2520 với mật độ 218 pixel mỗi inch, hỗ trợ 1 tỷ màu\r\nĐộ sáng 500 nit\r\nDải màu rộng (P3)\r\nCông nghệ True Tone\r\nKích thước thật của màn hình theo đường chéo là 23,5 inch.\r\n\r\nCamera	\r\nCamera FaceTime HD 1080p\r\nBộ xử lý tín hiệu hình ảnh tiên tiến với video điện toán\r\nXem Video	\r\nCác định dạng được hỗ trợ bao gồm HEVC, H.264, AV1 và ProRes\r\nHDR với công nghệ Dolby Vision, HDR10 và HLG\r\nNghe Nhạc	\r\nCác định dạng được hỗ trợ bao gồm AAC, MP3, Apple Lossless, FLAC, Dolby Digital, Dolby Digital Plus và Dolby Atmos\r\n\r\nÂm Thanh	\r\nHệ thống âm thanh sáu loa có độ trung thực cao với loa trầm khử lực\r\nÂm thanh stereo rộng\r\nHỗ trợ âm thanh không gian khi phát nhạc hoặc video với Dolby Atmos\r\nBa micrô phối hợp chuẩn studio với tỷ lệ tín hiệu – nhiễu cao và điều hướng chùm sóng\r\nSạc Và Kết Nối	\r\nDisplayPort\r\nThunderbolt 3 (lên đến 40Gb/s)\r\nUSB 4 (lên đến 40Gb/s)\r\nUSB 3.1 Gen 2 (lên đến 10Gb/s)\r\nHỗ trợ Thunderbolt 2, HDMI, DVI và VGA sử dụng bộ tiếp hợp (được bán riêng)\r\nKết Nối Không Dây	\r\nWi-Fi 6E (802.11ax)\r\nBluetooth 5.3\r\nYêu Cầu Hoạt Động	\r\n100–240V AC\r\n50Hz đến 60Hz, một pha\r\n10° đến 35°C\r\n5% đến 90% không ngưng tụ\r\nđược thử nghiệm ở độ cao lên đến 5000 mét\r\nKích Thước Và Trọng Lượng	\r\n4,43 kg', 19),
(93, 'Apple Watch Ultra 2 GPS + Cellular 49mm Ocean Band', '0021516_blue_550 (1).jpeg', 21490000, 23990000, 'bg-primary-subtle', 'S/M', '2022-02-11', 'Chất liệu dây:	\r\n Silicone | Dây vải chuyên biệt (Alpine Loop , Trail Loop)\r\n\r\nChất liệu mặt:	\r\n Kính Sapphire\r\n\r\nChất liệu khung viền:	\r\nTitanium\r\n\r\nĐộ dài dây:	\r\n13 - 20 cm\r\n\r\nKhả năng thay dây:	\r\n Có\r\n\r\nKích thước, khối lượng:	\r\nDài 49 mm - Ngang 44 mm - Dày 14.4 mm - Nặng 61.4 g\r\n\r\nSim & nghe gọi:	\r\neSIM\r\nNghe gọi qua eSIM (nghe gọi độc lập không cần điện thoại)\r\nTiện ích đặc biệt:	\r\nMàn hình luôn hiển thị\r\nNghe nhạc\r\nPhát hiện té ngã\r\nKết nối bluetooth với tai nghe\r\nChống nước / Kháng nước:	\r\nChống nước 10 ATM (Bơi, lặn vùng nước nông)\r\nTheo dõi sức khoẻ:	\r\nChấm điểm giấc ngủ\r\nNhắc nhở nhịp tim cao, thấp\r\nTheo dõi giấc ngủ\r\nTính lượng calories tiêu thụ\r\nTính quãng đường chạy\r\nĐiện tâm đồ\r\nĐo nhịp tim\r\nĐo nồng độ oxy trong máu (SpO2)\r\nĐếm số bước chân\r\nGửi thông báo khi có tai nạn\r\nƯớc tính ngày rụng trứng\r\nCảm biến nhiệt độ\r\nTheo dõi chu kì kinh nguyệt\r\nTiện ích khác:	\r\nChế độ tiết kiệm năng lượng\r\nChứng nhận độ bền MIL-STD-810H\r\nMàn hình cảm ứng\r\nNâng cổ tay sáng màn hình\r\nTrợ lý giọng nói\r\nTính năng Family Setup\r\nBáo thức\r\nCuộc gọi khẩn cấp SOS\r\nDự báo thời tiết\r\nThay mặt đồng hồ\r\nTừ chối cuộc gọi\r\nĐiều khiển chơi nhạc\r\nĐồng hồ bấm giờ\r\nMàn hình luôn hiển thị\r\nChuyển vùng quốc tế\r\nThao tác chạm hai lần (Double Tap)\r\nHiển thị thông báo:	\r\nCuộc gọi\r\nLine\r\nMessenger (Facebook)\r\nTin nhắn\r\nViber\r\nZalo\r\nThời gian sử dụng pin:	\r\nKhoảng 36 giờ (ở chế độ sử dụng thông thường)\r\nKhoảng 72 giờ (Chế độ năng lượng thấp)\r\nDung lượng pin:	\r\nđang cập nhật\r\n\r\nCổng sạc:	\r\n Cáp sạc nhanh từ tính USB-C\r\n\r\nCamera:	\r\nKhông có\r\n\r\nKết nối được với hệ điều hành:	\r\niPhone X trở lên chạy iOS 17 trở lên\r\n\r\nCPU:	\r\nApple S9\r\n\r\nKết nối:	\r\nBluetooth v5.3\r\nGPS\r\nWi-Fi 4\r\nCảm biến:	\r\nCảm biến ánh sáng môi trường\r\nCon quay hồi chuyển dải động cao\r\nCảm biến điện học (ECG)\r\nCảm biến nhịp tim quang học\r\nCảm biến nhịp tim quang học thế hệ 3\r\nCao áp kế\r\nGia tốc kế\r\nGalileo\r\nBDS\r\nGLONASS\r\nQZSS\r\nLa bàn\r\nĐo SpO2\r\nCông nghệ màn hình	\r\n OLED\r\n\r\nMàn hình rộng	\r\n 1.92 inch | 49mm\r\n\r\nĐộ phân giải màn hình	\r\n 410 x 502 pixels\r\n\r\n', 23),
(94, 'iPhone 15 Pro Max 256GB', '0020084_iphone-15-pro-max-128gb_550.jpeg', 33790000, 37990000, 'bg-white', '256GB', '2023-02-11', 'Hệ điều hành:	\r\n: iOS là hệ điều hành an toàn và đậm chất riêng nhất thế giới dành cho điện thoại di động, được trang bị các tính năng mạnh mẽ và được thiết kế để bảo vệ quyền riêng tư của bạn.\r\n\r\n \r\n\r\nTiện ích đặc biệt:	\r\nSOS Khẩn Cấp\r\nPhát Hiện Va Chạm\r\nYêu cầu hệ thống	\r\nID Apple (bắt buộc đối với một số tính năng)\r\nTruy cập Internet\r\nQuá trình đồng bộ hóa với Mac hoặc PC cần phải có:\r\nmacOS Catalina 10.15 trở lên sử dụng Finder\r\nmacOS High Sierra 10.13 cho tới macOS Mojave 10.14.6 sử dụng iTunes 12.9 trở lên\r\nWindows 10 trở lên sử dụng iTunes 12.12.10 trở lên (tải xuống miễn phí từ )\r\nMàu sắc	\r\nTitan Đen (Black Titanium)\r\nTitan Trắng (White Titanium)\r\nTitan Xanh (Blue Titanium)\r\nTitan Tự Nhiên (Natural Titanium)\r\nDung lượng	\r\n256GB\r\n512GB\r\n1TB\r\nKích thước và Trọng lượng	\r\nDài: 159,9 mm\r\nRộng: 76,7 mm\r\nDày: 8,25 mm\r\nTrọng Lượng: 221 gram', 16),
(95, 'iPhone 15 Pro Max 1TB', '0020094_iphone-15-pro-max-128gb_550.jpeg', 45850000, 49990000, 'bg-black', '1TB', '2023-02-11', 'Hệ điều hành:	\r\nSIM kép (SIM Nano và eSIM)\r\nHỗ trợ hai eSIM\r\n\r\n\r\nTiện ích đặc biệt:	\r\nSOS Khẩn Cấp\r\nPhát Hiện Va Chạm\r\nYêu cầu hệ thống	\r\nID Apple (bắt buộc đối với một số tính năng)\r\nTruy cập Internet\r\nQuá trình đồng bộ hóa với Mac hoặc PC cần phải có:\r\nmacOS Catalina 10.15 trở lên sử dụng Finder\r\nmacOS High Sierra 10.13 cho tới macOS Mojave 10.14.6 sử dụng iTunes 12.9 trở lên\r\nWindows 10 trở lên sử dụng iTunes 12.12.10 trở lên (tải xuống miễn phí từ )\r\nMàu sắc	\r\nTitan Đen (Black Titanium)\r\nTitan Trắng (White Titanium)\r\nTitan Xanh (Blue Titanium)\r\nTitan Tự Nhiên (Natural Titanium)\r\nDung lượng	\r\n256GB\r\n512GB\r\n1TB\r\nKích thước và Trọng lượng	\r\nDài: 159,9 mm\r\nRộng: 76,7 mm\r\nDày: 8,25 mm\r\nTrọng Lượng: 221 gram\r\nMàn hình	\r\nMàn hình Super Retina XDR\r\nMàn hình toàn phần OLED 6,7 inch (theo đường chéo)\r\nMàn hình iPhone 15 Pro Max có các góc bo tròn theo đường cong tuyệt đẹp và nằm gọn theo một hình chữ nhật chuẩn. Khi tính theo hình chữ nhật chuẩn, kích thước màn hình theo đường chéo là 6,69 inch (diện tích hiển thị thực tế nhỏ hơn).\r\nDynamic Island\r\nMàn hình Luôn Bật\r\nCông nghệ ProMotion với tốc độ làm mới thích ứng lên đến 120Hz\r\nMàn hình HDR', 16),
(96, 'Apple Watch SE 2023 GPS + Cellular Sport Loop', '0022445_midnight_550.jpeg', 7390000, 8490000, 'bg-black', '40mm', '2023-02-12', 'Kích thước màn hình:	\r\nChất liệu mặt:\r\n\r\nIon-X strengthened glass\r\nChất liệu khung viền:\r\n\r\nHợp kim nhôm\r\nChất liệu dây:\r\n\r\nSilicone\r\nĐộ rộng dây:\r\n\r\nHãng không công bố\r\nĐộ dài dây:\r\n\r\nHãng không công bố\r\nKhả năng thay dây:\r\n\r\nCó\r\nKích thước, khối lượng:\r\n\r\nDài 44 mm - Ngang 38 mm - Dày 10.7 mm - Nặng 32.9 g\r\nDài 40 mm - Ngang 34 mm - Dày 10.7 mm - Nặng 26.4 g\r\nTiện ích đặc biệt:	\r\nTiện ích đặc biệt:\r\n\r\nPhát hiện té ngã\r\n\r\nNghe nhạc\r\n\r\nKết nối bluetooth với tai nghe\r\n\r\nSim & nghe gọi:\r\n\r\nNghe gọi ngay trên đồng hồ\r\nChống nước / Kháng nước:\r\n\r\nChống nước 5 ATM - ISO 22810:2010 (Tắm, bơi vùng nước nông)\r\nTheo dõi sức khoẻ:\r\n\r\nGửi thông báo khi có tai nạn\r\n\r\nTính quãng đường chạy\r\n\r\nChế độ luyện tập\r\n\r\nTính lượng calories tiêu thụ\r\n\r\nTheo dõi giấc ngủ\r\n\r\nTheo dõi mức độ stress\r\n\r\nTheo dõi chu kì kinh nguyệt\r\n\r\nNhắc nhở nhịp tim cao, thấp\r\n\r\nCảm biến nhiệt độ\r\n\r\nĐo nhịp tim\r\n\r\nĐếm số bước chân\r\n\r\nTiện ích khác:\r\n\r\nNâng cổ tay sáng màn hình\r\n\r\nMàn hình cảm ứng\r\n\r\nBáo thức\r\n\r\nTừ chối cuộc gọi\r\n\r\nDự báo thời tiết\r\n\r\nLa bàn\r\n\r\nĐồng hồ bấm giờ\r\n\r\nĐiều khiển chơi nhạc\r\n\r\nRung thông báo\r\n\r\nThay mặt đồng hồ\r\n\r\nCuộc gọi khẩn cấp SOS\r\n\r\nĐiều khiển chụp ảnh\r\n\r\nChuyển vùng quốc tế\r\n\r\nHiển thị thông báo:\r\n\r\nCuộc gọi\r\n\r\nTin nhắn\r\n\r\nZalo\r\n\r\nMessenger (Facebook)\r\n\r\nLine\r\n\r\nViber\r\n\r\nCPU:	\r\nCPU:\r\n\r\nApple S8\r\nBộ nhớ trong:\r\n\r\n32 GB\r\nHệ điều hành:\r\n\r\nWatchOS phiên bản mới nhất\r\nKết nối được với hệ điều hành:\r\n\r\niPhone 8 trở lên với iOS phiên bản mới nhất\r\nỨng dụng quản lý:\r\n\r\nWatch\r\nKết nối:\r\n\r\nBluetooth v5.3\r\n\r\nGPS\r\n\r\nWifi\r\n\r\nCảm biến:\r\n\r\nCảm biến ánh sáng môi trường\r\n\r\nCảm biến nhịp tim quang học thế hệ 2\r\n\r\nCao áp kế\r\n\r\nCon quay hồi chuyển\r\n\r\nGia tốc kế\r\n\r\nGalileo\r\n\r\nGLONASS\r\n\r\nGPS\r\n\r\nLa bàn\r\n\r\nTiện ích khác:	\r\nSản xuất tại:\r\n\r\nHãng không công bố\r\nThời gian ra mắt:\r\n\r\n09/2022\r\nNgôn ngữ:\r\n\r\nTiếng AnhTiếng Việt\r\nHãng:\r\n\r\nApple. Xem thông tin hãng\r\nPin	\r\nThời gian sử dụng pin:\r\n\r\nKhoảng 1.5 ngày (ở chế độ tiết kiệm pin)Khoảng 18 giờ (ở chế độ sử dụng thông thường)\r\nThời gian sạc:\r\n\r\nHãng không công bố\r\nDung lượng pin:\r\n\r\nHãng không công bố\r\nCổng sạc:\r\n\r\nĐế sạc nam châm\r\n', 23),
(97, 'Apple Watch Series 9 Thép (GPS + Cellular) 41mm | Milanese Loop', '0021753_silver_550.jpeg', 20290000, 23290000, 'bg-secondary', 'sport-band', '2023-11-23', 'Công nghệ màn hình:	\r\nMàn hình Retina Luôn Bật\r\n\r\nĐộ sáng lên đến 2.000 nit\r\n\r\nCPU:	\r\nS9 SiP\r\n\r\nThao tác chạm hai lần^\r\n\r\nTìm Chính Xác cho iPhone\r\n\r\n \r\n\r\nCảm biến:	\r\nCảm biến nhiệt độ\r\nSOS Khẩn Cấp\r\nPhát Hiện Ngã và Phát Hiện Va Chạm\r\nChống nước / Kháng nước:	\r\nChống nước khi bơi đến 50m\r\n\r\nKết nối:	\r\nGPS\r\n\r\nCellular\r\n\r\n \r\n\r\nThời gian sử dụng pin:	\r\nLên đến 18 giờ\r\nLên đến 36 giờ ở Chế Độ Nguồn Điện Thấp\r\nHỗ trợ sạc nhanh\r\n}', 23),
(98, ' Apple Watch SE 2022 Nhôm GPS + Cellular', '0011850_silver_550.webp', 7190000, 10190000, 'bg-white', '40mm', '2023-02-11', 'Kích thước màn hình:	\r\nChất liệu mặt:\r\n\r\nIon-X strengthened glass\r\nChất liệu khung viền:\r\n\r\nHợp kim nhôm\r\nChất liệu dây:\r\n\r\nSilicone\r\nĐộ rộng dây:\r\n\r\nHãng không công bố\r\nĐộ dài dây:\r\n\r\nHãng không công bố\r\nKhả năng thay dây:\r\n\r\nCó\r\nKích thước, khối lượng:\r\n\r\nDài 44 mm - Ngang 38 mm - Dày 10.7 mm - Nặng 32.9 g\r\nDài 40 mm - Ngang 34 mm - Dày 10.7 mm - Nặng 26.4 g\r\nTiện ích đặc biệt:	\r\nTiện ích đặc biệt:\r\n\r\nPhát hiện té ngã\r\n\r\nNghe nhạc\r\n\r\nKết nối bluetooth với tai nghe\r\n\r\nSim & nghe gọi:\r\n\r\nNghe gọi ngay trên đồng hồ\r\nChống nước / Kháng nước:\r\n\r\nChống nước 5 ATM - ISO 22810:2010 (Tắm, bơi vùng nước nông)\r\nTheo dõi sức khoẻ:\r\n\r\nGửi thông báo khi có tai nạn\r\n\r\nTính quãng đường chạy\r\n\r\nChế độ luyện tập\r\n\r\nTính lượng calories tiêu thụ\r\n\r\nTheo dõi giấc ngủ\r\n\r\nTheo dõi mức độ stress\r\n\r\nTheo dõi chu kì kinh nguyệt\r\n\r\nNhắc nhở nhịp tim cao, thấp\r\n\r\nCảm biến nhiệt độ\r\n\r\nĐo nhịp tim\r\n\r\nĐếm số bước chân\r\n\r\nTiện ích khác:\r\n\r\nNâng cổ tay sáng màn hình\r\n\r\nMàn hình cảm ứng\r\n\r\nBáo thức\r\n\r\nTừ chối cuộc gọi\r\n\r\nDự báo thời tiết\r\n\r\nLa bàn\r\n\r\nĐồng hồ bấm giờ\r\n\r\nĐiều khiển chơi nhạc\r\n\r\nRung thông báo\r\n\r\nThay mặt đồng hồ\r\n\r\nCuộc gọi khẩn cấp SOS\r\n\r\nĐiều khiển chụp ảnh\r\n\r\nChuyển vùng quốc tế\r\n\r\nHiển thị thông báo:\r\n\r\nCuộc gọi\r\n\r\nTin nhắn\r\n\r\nZalo\r\n\r\nMessenger (Facebook)\r\n\r\nLine\r\n\r\nViber\r\n\r\nCPU:	\r\nCPU:\r\n\r\nApple S8\r\nBộ nhớ trong:\r\n\r\n32 GB\r\nHệ điều hành:\r\n\r\nWatchOS phiên bản mới nhất\r\nKết nối được với hệ điều hành:\r\n\r\niPhone 8 trở lên với iOS phiên bản mới nhất\r\nỨng dụng quản lý:\r\n\r\nWatch\r\nKết nối:\r\n\r\nBluetooth v5.3\r\n\r\nGPS\r\n\r\nWifi\r\n\r\nCảm biến:\r\n\r\nCảm biến ánh sáng môi trường\r\n\r\nCảm biến nhịp tim quang học thế hệ 2\r\n\r\nCao áp kế\r\n\r\nCon quay hồi chuyển\r\n\r\nGia tốc kế\r\n\r\nGalileo\r\n\r\nGLONASS\r\n\r\nGPS\r\n\r\nLa bàn\r\n\r\nTiện ích khác:	\r\nSản xuất tại:\r\n\r\nHãng không công bố\r\nThời gian ra mắt:\r\n\r\n09/2022\r\nNgôn ngữ:\r\n\r\nTiếng AnhTiếng Việt\r\nHãng:\r\n\r\nApple. Xem thông tin hãng\r\nPin	\r\nThời gian sử dụng pin:\r\n\r\nKhoảng 1.5 ngày (ở chế độ tiết kiệm pin)Khoảng 18 giờ (ở chế độ sử dụng thông thường)\r\nThời gian sạc:\r\n\r\nHãng không công bố\r\nDung lượng pin:\r\n\r\nHãng không công bố\r\nCổng sạc:\r\n\r\nĐế sạc nam châm', 23),
(99, 'Apple Watch Series 7 Nhôm GPS', '0011765_green_550.webp', 7690000, 11590000, 'bg-success', '41mm', '2023-11-23', 'Apple Watch Series 7 (GPS) Màn hình Retina Luôn Bật lớn nhất, tiên tiến nhất giúp mọi tác vụ bạn thực hiện với Apple Watch Series 7 trông lớn hơn và đẹp hơn. Series 7 là Apple Watch bền bỉ nhất từng được chế tạo, với mặt trước bằng thủy tinh chống nứt tốt hơn. Các tính năng tiên tiến giúp bạn đo mức ôxi trong máu, đo điện tâm đồ (ECG) bất kỳ lúc nào, truy cập ứng dụng theo dõi giấc ngủ và ứng dụng chú tâm. Bạn cũng có thể theo dõi hàng chục bài tập thể chất, bao gồm Thái Cực Quyền và pilates mới.\r\n\r\nTính năng nổi bật\r\nMàn hình Retina Luôn Bật với diện tích lớn hơn Series 6 gần 20%, giúp bạn xem và sử dụng mọi thứ dễ dàng hơn\r\nMặt trước bằng thủy tinh chống nứt tốt nhất trên Apple Watch, đạt chuẩn chống bụi IP6X và thiết kế chống thấm nước khi bơi lội\r\nĐo mức ôxi trong máu bằng cảm biến và ứng dụng mạnh mẽ\r\nĐo điện tâm đồ (ECG) mọi lúc, mọi nơi\r\nNhận thông báo nhịp tim nhanh hay chậm và thông báo nhịp tim không đều\r\nTập trung tâm trí vào hiện tại với ứng dụng Chú Tâm mới và đạt mục tiêu ngủ đủ giấc với ứng dụng Giấc Ngủ\r\nTheo dõi các bài tập Thái Cực Quyền và pilates mới, cùng các bài tập yêu thích như chạy bộ, yoga, bơi lội và khiêu vũ\r\nTheo dõi hoạt động hàng ngày trên Apple Watch và xem xu hướng của bạn trong ứng dụng Thể Dục trên iPhone\r\nĐồng bộ nhạc và podcast yêu thích của bạn\r\nPin dùng cả ngày và sạc nhanh hơn\r\nwatchOS 8 ra mắt các kiểu tập luyện mới, ứng dụng Chú Tâm, mặt đồng hồ Chân Dung mới và các cải tiến đối với ứng dụng Tin Nhắn\r\nCác thông tin Apple đảm bảo ( Pháp lý)\r\n\r\nApple Watch Series 7 tương thích với iPhone 6s hoặc các phiên bản cao hơn sử dụng iOS 15 hoặc các bản cập nhật cao hơn. Số đo từ ứng dụng Ôxi Trong Máu không được dùng cho mục đích y tế, kể cả tự chẩn đoán hoặc xin ý kiến bác sĩ và chỉ được thiết kế cho hoạt động luyện tập thông thường và mục đích chăm sóc sức khỏe. Ứng dụng ECG chỉ khả dụng trên Apple Watch Series 4 và các phiên bản cao hơn (không bao gồm Apple Watch SE) sử dụng iOS và watchOS phiên bản mới nhất. Truy cập  để biết thông tin về khả năng tương thích. Không được sử dụng ECG cho người dưới 22 tuổi. Với ứng dụng ECG, Apple Watch có khả năng tạo ra kết quả ECG tương tự như điện tâm đồ một đạo trình. Tính năng thông báo nhịp tim không đều chỉ khả dụng trên watchOS cũng như iOS phiên bản mới nhất. Tính năng này không dành cho người dưới 22 tuổi và không được thiết kế dành cho người từng có kết quả chẩn đoán bị rung nhĩ (Afib).\r\n\r\nApple Watch Series 7 (GPS + Cellular) Với dữ liệu di động, Apple Watch Series 7 giúp bạn luôn kết nối với những người và những điều bạn quan tâm, ngay cả khi bạn không có điện thoại bên mình. Nhận cuộc gọi và trả lời tin nhắn. Nghe nhạc và podcast yêu thích trực tuyến. Nhận được sự trợ giúp nhanh chóng từ SOS Khẩn Cấp và gọi khẩn cấp quốc tế.\r\n\r\nTính năng nổi bật\r\nMàn hình Retina Luôn Bật với diện tích lớn hơn Series 6 gần 20%, giúp bạn xem và sử dụng mọi thứ dễ dàng hơn\r\nMặt trước bằng thủy tinh chống nứt tốt nhất trên Apple Watch, đạt chuẩn chống bụi IP6X và thiết kế chống thấm nước khi bơi lội\r\nĐo mức ôxi trong máu bằng cảm biến và ứng dụng mạnh mẽ\r\nĐo điện tâm đồ (ECG) mọi lúc, mọi nơi\r\nNhận thông báo nhịp tim nhanh hay chậm và thông báo nhịp tim không đều\r\nTập trung tâm trí vào hiện tại với ứng dụng Chú Tâm mới và đạt mục tiêu ngủ đủ giấc với ứng dụng Giấc Ngủ\r\nTheo dõi các bài tập Thái Cực Quyền và pilates mới, cùng các bài tập yêu thích như chạy bộ, yoga, bơi lội và khiêu vũ\r\nTheo dõi hoạt động hàng ngày trên Apple Watch và xem xu hướng của bạn trong ứng dụng Thể Dục trên iPhone\r\nĐồng bộ nhạc và podcast yêu thích của bạn\r\nPin dùng cả ngày và sạc nhanh hơn\r\nwatchOS 8 ra mắt các kiểu tập luyện mới, ứng dụng Chú Tâm, mặt đồng hồ Chân Dung mới và các cải tiến đối với ứng dụng Tin Nhắn\r\nLuôn kết nối với gia đình và bạn bè bằng cuộc gọi, tin nhắn và email, ngay cả khi bạn không có điện thoại bên mình\r\nNghe nhạc và podcast trực tuyến khi đang di chuyển, và cứ để điện thoại ở nhà\r\nCác thông tin Apple đảm bảo ( Pháp lý)\r\n\r\nApple Watch Series 7 tương thích với iPhone 6s hoặc các phiên bản cao hơn sử dụng iOS 15 hoặc các bản cập nhật cao hơn. Cần có gói cước không dây cho dịch vụ dữ liệu di động. Vui lòng liên hệ với nhà cung cấp dịch vụ của bạn để biết thêm chi tiết. Khả năng kết nối có thể thay đổi tùy thuộc vào tình trạng sẵn có của mạng. Không hỗ trợ tính năng chuyển vùng quốc tế. Truy cập  để biết danh sách các nhà cung cấp dịch vụ mạng không dây hợp tác và tính phù hợp. Truy cập  để xem thêm hướng dẫn về cách thiết lập. Apple Watch Series 7 (GPS + Cellular) và Apple Watch SE (GPS + Cellular) có thể sử dụng kết nối mạng di động cho SOS Khẩn Cấp. Để sử dụng SOS khẩn cấp trên Apple Watch mà không cần kết nối mạng di động, iPhone phải ở gần bạn. Nếu iPhone không ở gần bạn, Apple Watch cần được kết nối với mạng Wi-Fi đã xác định và bạn phải thiết lập Cuộc Gọi Wi-Fi. Tính năng gọi khẩn cấp quốc tế yêu cầu phiên bản Apple Watch Series 7 (GPS + Cellular) hoặc Apple Watch SE (GPS + Cellular). Để biết danh sách các quốc gia hoặc khu vực được hỗ trợ, vui lòng truy cập .', 23),
(100, 'Apple Watch Series 8 45mm Thép', '0014090_apple-watch-series-8-51mm-thep-gps-cellular_550.png', 15990000, 21990000, 'bg-black', 'dây thể thao', '2023-11-23', 'Công nghệ màn hình:	\r\nOLED\r\n\r\nKích thước mặt:	\r\n1.9 inch\r\n\r\nKích thước màn hình:	\r\n45 mm\r\n\r\nChất liệu mặt:	\r\nKính Sapphire\r\n\r\nChất liệu khung viền:	\r\nThép không gỉ\r\n\r\nChất liệu dây:	\r\n   Silicone\r\n\r\nĐộ rộng dây:	\r\nHãng không công bố\r\n\r\nĐộ dài dây:	\r\nHãng không công bố\r\n\r\nKhả năng thay dây:	\r\nCó\r\n\r\nKích thước, khối lượng:	\r\nDài 45 mm - Ngang 38 mm - Dày 10.7 mm - Nặng 38.8g\r\n\r\nSim & nghe gọi:	\r\nQua eSIM (nghe gọi độc lập không cần điện thoại)\r\n\r\nTiện ích đặc biệt:	\r\nMàn hình luôn hiển thị\r\n\r\nPhát hiện té ngã\r\n\r\nKết nối bluetooth với tai nghe\r\n\r\nTheo dõi sức khoẻ:	\r\nChấm điểm giấc ngủ\r\n\r\nNhắc nhở nhịp tim cao, thấp\r\n\r\nTheo dõi giấc ngủ\r\n\r\nTheo dõi mức độ stress\r\n\r\nTính lượng calories tiêu thụ\r\n\r\nTính quãng đường chạy\r\n\r\nĐiện tâm đồ\r\n\r\nĐo lượng tiêu thụ oxy tối đa (VO2 max)\r\n\r\nĐo nhịp tim\r\n\r\nĐo nồng độ oxy trong máu (SpO2)\r\n\r\nĐếm số bước chân\r\n\r\nƯớc tính ngày rụng trứng\r\n\r\nCảm biến nhiệt độ\r\n\r\nTheo dõi chu kì kinh nguyệt\r\n\r\nTiện ích khác:	\r\nMàn hình cảm ứng\r\n\r\nNâng cổ tay sáng màn hình\r\n\r\nTrợ lý giọng nói\r\n\r\nTính năng Family Setup\r\n\r\nBáo thứcCuộc gọi khẩn cấp SOS\r\n\r\nDự báo thời tiếtRung thông báo\r\n\r\nThay mặt đồng hồ\r\n\r\nTừ chối cuộc gọi\r\n\r\nĐiều khiển chơi nhạc\r\n\r\nĐiều khiển chụp ảnh\r\n\r\nĐồng hồ bấm giờ\r\n\r\nMàn hình luôn hiển thị\r\n\r\nChuyển vùng quốc tế\r\n\r\nHiển thị thông báo:	\r\nCuộc gọi\r\n\r\nLine\r\n\r\nMessenger (Facebook)\r\n\r\nTin nhắn\r\n\r\nViber\r\n\r\nZalo\r\n\r\nThời gian sử dụng pin:	\r\nChế độ tiết kiệm pin: ~36 giờ\r\n\r\nChế độ sử dụng thông thường: ~18 giờ\r\n\r\nThời gian sạc:	\r\nHãng không công bố\r\n\r\nDung lượng pin:	\r\nHãng không công bố\r\n\r\nCổng sạc:	Đế sạc nam châm\r\nCamera:	\r\nKhông có\r\n\r\nCPU:	\r\nApple S8\r\n\r\nBộ nhớ trong:	\r\n32 GB\r\n\r\nHệ điều hành:	\r\nWatchOS phiên bản mới\r\n\r\nKết nối:	\r\nBluetooth v5.3\r\n\r\nGPS\r\n\r\nNFC\r\n\r\nWifi\r\n\r\nỨng dụng quản lý:	\r\nWatch\r\n\r\nKết nối được với hệ điều hành:	\r\niPhone 8 trở lên với iOS phiên bản mới\r\n\r\nCảm biến:	\r\nCảm biến ánh sáng môi trường\r\n\r\nCảm biến điện học (ECG)\r\n\r\nCảm biến nhịp tim quang học thế hệ 3\r\n\r\nCao áp kế\r\n\r\nCon quay hồi chuyển\r\n\r\nGia tốc kế\r\n\r\nGalileo\r\n\r\nBDS\r\n\r\nGLONASS\r\n\r\nGPS\r\n\r\nQZSS\r\n\r\nLa bàn\r\n\r\nChống nước / Kháng nước:	\r\n 5 ATM - ISO 22810:2010 (Tắm, bơi vùng nước nông)\r\n\r\nĐộ phân giải màn hình	\r\n484 x 396 pixels', 23),
(101, 'Apple Watch Series 9 Nhôm (GPS + Cellular) 41mm | Sport Band', '0020735_red_550.jpeg', 12890000, 14590000, 'bg-danger', 'sport-band', '2023-11-23', 'Công nghệ màn hình:	\r\nMàn hình Retina Luôn Bật\r\n\r\nĐộ sáng lên đến 2.000 nit\r\n\r\nCPU:	\r\nS9 SiP\r\n\r\nThao tác chạm hai lần^\r\n\r\nTìm Chính Xác cho iPhone\r\n\r\n \r\n\r\nCảm biến:	\r\nCảm biến nhiệt độ\r\nSOS Khẩn Cấp\r\nPhát Hiện Ngã và Phát Hiện Va Chạm\r\nChống nước / Kháng nước:	\r\nChống nước khi bơi đến 50m\r\n\r\nKết nối:	\r\nGPS\r\n\r\nCellular\r\n\r\n \r\n\r\nThời gian sử dụng pin:	\r\nLên đến 18 giờ\r\nLên đến 36 giờ ở Chế Độ Nguồn Điện Thấp\r\nHỗ trợ sạc nhanh\r\n}\r\n', 23),
(102, 'iPhone 15 plus', '0019940_iphone-15-plus-128gb_550.jpeg', 25290000, 30990000, 'bg-info-subtle', '128GB', '2023-02-11', 'Độ phân giải màn hình	\r\n2796x1290 pixel\r\n\r\nCamera sau	\r\nCamera Chính: 48MP, khẩu độ ƒ/1.78\r\nCamera góc rộng Ultra Wide: 12MP, khẩu độ ƒ/2.2\r\nCamera Telephoto: 12MP, khẩu độ ƒ/2.8\r\nChip	\r\nChip A16 Bionic\r\nCPU 6 lõi với 2 lõi hiệu năng và 4 lõi tiết kiệm điện\r\nGPU 5 lõi\r\nNeural Engine 16 lõi\r\n \r\nKết nối	\r\nMạng di động: Hỗ trợ 5G\r\nSIM: sim kép (nano sim và esim)\r\nWifi: 6 GHz, Wi-Fi 802.11 a/b/g/n/ac/ax, Wi-Fi MIMO\r\nGPS: BEIDOU, GALILEO, GLONASS, A-GPS, QZSS\r\nBluetooth: v5.3\r\nCổng kết nối/sạc: USB Type-C 2.0\r\nJack tai nghe: Type-C\r\n\r\nRAM	\r\n6GB LPDDR5\r\n\r\nBảo mật	\r\nFace ID\r\nCamera trước TrueDepth hỗ trợ nhận diện khuôn mặt\r\nChống nước - Chống bụi	\r\nĐạt mức IP68 (chống nước ở độ sâu tối đa 6 mét trong vòng tối đa 30 phút) theo tiêu chuẩn IEC 60529\r\n\r\nPin và nguồn điện	\r\nDung lượng pin: Đang cập nhật\r\nLoại pin: Li-Ion\r\nSạc không dây MagSafe và Qi\r\nKhả năng sạc nhanh: Sạc lên đến 50% trong vòng 35 phút với bộ tiếp hợp nguồn 20W trở lên\r\nMàu sắc	\r\nHồng (Pink)\r\nVàng (Yellow)\r\nXanh lá (Green)\r\nXanh dương (Blue)\r\nĐen (Black)\r\nQuay video	\r\nQuay video 4K ở tốc độ 24 fps, 25 fps, 30 fps, hoặc 60 fps\r\nQuay video HD 1080p ở tốc độ 25 fps, 30 fps, hoặc 60 fps\r\nChế độ Điện Ảnh để quay video vớiđộ sâu trường ảnh nông (lên đến 4K HDR ở tốc độ 30 fps)\r\nChế độ Hành Động\r\nQuay video HDR với công nghệ Dolby Vision lên đến 4K ở tốc độ 60 fps\r\nHỗ trợ quay video chậm 1080p ở tốc độ 120 fps hoặc 240 fps\r\nVideo tua nhanh có chống rung\r\nTua nhanh ở chế độ Ban Đêm\r\nChế độ quay video QuickTake\r\nChống rung quang học dịch chuyển cảm biến cho video\r\nPhóng đại âm thanh\r\nThu âm stereo\r\n \r\nDung lượng	\r\n128GB\r\n256GB\r\n512GB\r\nCamera trước	\r\nĐộ phân giải : 12 MP\r\n\r\nCông nghệ màn hình	\r\nSuper Retina XDR OLED\r\n\r\nTính năng màn hình: \r\n\r\nDynamic Island\r\nHDR display\r\nTrue Tone\r\nWide color (P3)\r\nHaptic Touch\r\nLớp phủ oleophobia chống dấu vân tay\r\nĐộ sáng tối đa: 2000 nits\r\n', 16),
(103, ' iPhone 12 64GB', '0006795_iphone-12-64gb_550.png', 12790000, 14550000, 'bg-white', '64GB', '2022-01-12', 'Yêu cầu hệ thống	Apple\r\nMàu sắc	Purple, Blue, Green, Product RED, White, Black\r\nMàn hình	Super Retina XDR, 6.1-inch OLED, HDR, 2532 x 1170 pixels, 460 ppi, Tương phản 2,000,000:1, True Tone, Chuẩn màu P3, Haptic Touch, Độ sáng tối đa 800 nit, Độ sáng tối đa khi bật HDR 1200 nit\r\nDung lượng	64 GB / 128GB / 256 GB\r\nCamera sau	Hệ thống 2 camera 12MP (Siêu Rộng, Rộng), Siêu rộng: khẩu độ ƒ / 2.4, Rộng: khẩu độ ƒ / 1.6, -, Night mode, Deep Fusion, -, Chống rung quang học, -, Zoom xa quang học 2x, Zoom kỹ thuật số 5x, -, Chụp chân dung tuỳ chỉnh xoá phông, 6 hiệu ứng ánh sáng chụp chân dung (Tự nhiên, Studio, Đường viền, Sân khấu, Sân khấu Mono, High Key Mono), Smart HDR 3\r\nQuay video	Quay video 4K ở 24fps, 25 fps, 30 fps, 60 fps, Quay video 1080p HD ở 25 fps, 30 fps, 60 fps, Video HDR chuẩn Dolby Vision ở 60 fps, Dải nhạy sáng mở rộng cho video tối đa 60fps, Chống rung quang học, Zoom xa quang học 2x, -, Zoom kỹ thuật số 3x, True Tone flash, Audio zoom, QuickTake video, Slo-mo video 1080p tại 120fps hoặc 240fps, Night mode Time-lapse, Chống rung Time-lapse, Ghi âm Stereo\r\nCamera trước	TrueDepth camera, 12MP, Khẩu độ ƒ / 2.2, Retina flash, Smart HDR 3, Chụp chân dung tuỳ chỉnh xoá phông, 6 hiệu ứng ánh sáng chụp chân dung (Tự nhiên, Studio, Đường viền, Sân khấu, Sân khấu Mono, High Key Mono), Dải nhạy sáng mở rộng cho video tối đa 30fps, Chống rung video Cinematic, Quay video 4K ở 24fps, 25 fps, 30 fps, 60 fps, Quay video HDR Dolby Vision 30 fps, Quay video 1080p HD ở 24fps, 25 fps, 30 fps, 60 fps, Slo-mo video 1080p tại 120fps, Night mode, Deep Fusion, QuickTake video, Animoji và Memoji\r\nKết nối mạng	GSM/EDGE, UMTS/HSPA+, 5G, LTE, Wifi 6, Bluetooth 5.0, Ultra Wideband, NFC, Wi-Fi calling\r\nKích thước và Trọng lượng	Dài: 146.7 mm, Rộng: 71.5 mm, Dày: 7.4 mm, Trọng lượng: 164 gram\r\nChống nước - Chống bụi	IP 68 (độ sâu tối đa 6 mét trong tối đa 30 phút)\r\nChip	A14 Bionic\r\nBảo mật	Face ID, Được kích hoạt bởi camera trước TrueDepth để nhận dạng khuôn mặt\r\nCông nghệ âm thanh:	Spatial audio, Hỗ trợ Dolby Atmos\r\nXem video	HDR Dolby Vision, HDR10 và HLG\r\nPin và nguồn điện	Pin lithium‑ion tích hợp bên trong, Sạc không dây Magsafe và Qi, Sạc qua USB máy tính hoặc adaptor, Xem video lên đến 17 giờ, Xem video trước tuyến lên đến 11 giờ, Nghe nhạc lên đến 65 giờ, Sạc 50% trong 30 phút với củ sạc 20W trở lên\r\nCảm biến	Con quay hồi chuyển ba trục, Gia tốc kế, Cảm biến tiệm cận, Cảm biến ánh sáng xung quanh, Áp kế\r\nSIM	2 SIM (nano-SIM và eSIM)\r\nKết nối	Lightning', 16),
(104, 'iPhone 11 128GB', '0011632_iphone-11-64gb_550.png', 11250000, 12990000, 'bg-black', '128GB', '2023-02-11', 'Yêu cầu hệ thống	Apple\r\nMàu sắc	Purple, Blue, Green, Product RED, White, Black\r\nMàn hình	Super Retina XDR, 6.1-inch OLED, HDR, 2532 x 1170 pixels, 460 ppi, Tương phản 2,000,000:1, True Tone, Chuẩn màu P3, Haptic Touch, Độ sáng tối đa 800 nit, Độ sáng tối đa khi bật HDR 1200 nit\r\nDung lượng	64 GB / 128GB / 256 GB\r\nCamera sau	Hệ thống 2 camera 12MP (Siêu Rộng, Rộng), Siêu rộng: khẩu độ ƒ / 2.4, Rộng: khẩu độ ƒ / 1.6, -, Night mode, Deep Fusion, -, Chống rung quang học, -, Zoom xa quang học 2x, Zoom kỹ thuật số 5x, -, Chụp chân dung tuỳ chỉnh xoá phông, 6 hiệu ứng ánh sáng chụp chân dung (Tự nhiên, Studio, Đường viền, Sân khấu, Sân khấu Mono, High Key Mono), Smart HDR 3\r\nQuay video	Quay video 4K ở 24fps, 25 fps, 30 fps, 60 fps, Quay video 1080p HD ở 25 fps, 30 fps, 60 fps, Video HDR chuẩn Dolby Vision ở 60 fps, Dải nhạy sáng mở rộng cho video tối đa 60fps, Chống rung quang học, Zoom xa quang học 2x, -, Zoom kỹ thuật số 3x, True Tone flash, Audio zoom, QuickTake video, Slo-mo video 1080p tại 120fps hoặc 240fps, Night mode Time-lapse, Chống rung Time-lapse, Ghi âm Stereo\r\nCamera trước	TrueDepth camera, 12MP, Khẩu độ ƒ / 2.2, Retina flash, Smart HDR 3, Chụp chân dung tuỳ chỉnh xoá phông, 6 hiệu ứng ánh sáng chụp chân dung (Tự nhiên, Studio, Đường viền, Sân khấu, Sân khấu Mono, High Key Mono), Dải nhạy sáng mở rộng cho video tối đa 30fps, Chống rung video Cinematic, Quay video 4K ở 24fps, 25 fps, 30 fps, 60 fps, Quay video HDR Dolby Vision 30 fps, Quay video 1080p HD ở 24fps, 25 fps, 30 fps, 60 fps, Slo-mo video 1080p tại 120fps, Night mode, Deep Fusion, QuickTake video, Animoji và Memoji\r\nKết nối mạng	GSM/EDGE, UMTS/HSPA+, 5G, LTE, Wifi 6, Bluetooth 5.0, Ultra Wideband, NFC, Wi-Fi calling\r\nKích thước và Trọng lượng	Dài: 146.7 mm, Rộng: 71.5 mm, Dày: 7.4 mm, Trọng lượng: 164 gram\r\nChống nước - Chống bụi	IP 68 (độ sâu tối đa 6 mét trong tối đa 30 phút)\r\nChip	A14 Bionic\r\nBảo mật	Face ID, Được kích hoạt bởi camera trước TrueDepth để nhận dạng khuôn mặt\r\nCông nghệ âm thanh:	Spatial audio, Hỗ trợ Dolby Atmos\r\nXem video	HDR Dolby Vision, HDR10 và HLG\r\nPin và nguồn điện	Pin lithium‑ion tích hợp bên trong, Sạc không dây Magsafe và Qi, Sạc qua USB máy tính hoặc adaptor, Xem video lên đến 17 giờ, Xem video trước tuyến lên đến 11 giờ, Nghe nhạc lên đến 65 giờ, Sạc 50% trong 30 phút với củ sạc 20W trở lên\r\nCảm biến	Con quay hồi chuyển ba trục, Gia tốc kế, Cảm biến tiệm cận, Cảm biến ánh sáng xung quanh, Áp kế\r\nSIM	2 SIM (nano-SIM và eSIM)\r\nKết nối	Lightning', 16);

-- --------------------------------------------------------

--
-- Cấu trúc bảng cho bảng `tai_khoan`
--

CREATE TABLE `tai_khoan` (
  `id_tai_khoan` int(11) NOT NULL,
  `ten_dang_nhap` varchar(255) NOT NULL,
  `mat_khau` varchar(255) NOT NULL,
  `ho_ten` varchar(255) NOT NULL,
  `img` varchar(255) NOT NULL,
  `email` varchar(255) NOT NULL,
  `sdt` varchar(255) NOT NULL,
  `dia_chi` text NOT NULL,
  `trang_thai` varchar(255) DEFAULT NULL,
  `id_phan_quyen` tinyint(11) DEFAULT 10
) ENGINE=InnoDB DEFAULT CHARSET=utf8mb4 COLLATE=utf8mb4_general_ci;

--
-- Đang đổ dữ liệu cho bảng `tai_khoan`
--

INSERT INTO `tai_khoan` (`id_tai_khoan`, `ten_dang_nhap`, `mat_khau`, `ho_ten`, `img`, `email`, `sdt`, `dia_chi`, `trang_thai`, `id_phan_quyen`) VALUES
(10, 'hhai03', 'hai', 'Ma Hoàng Hải', '', 'haimhph33857@fpt.edu.vn', '0917555305', 'Số 14, Ngách 94/5, Ngõ 94 Hồ Tùng Mậu, Mai Dịch, Cầu Giấy, Hà Nội', 'ON', 4),
(27, 'hoanghai', '12345', 'Người Mua Nhiều Hàng Nhất', 'd79d9f06-cho-bull-4.jpg', 'hoanghai07092003@gmail.com', '0917555305', 'Thôn An Quỳnh, xã Phúc Thịnh, Chiêm Hóa, Tuyên Quang', NULL, 10);

-- --------------------------------------------------------

--
-- Cấu trúc bảng cho bảng `tin_tuc`
--

CREATE TABLE `tin_tuc` (
  `id_tin_tuc` int(11) NOT NULL,
  `tieu_de` varchar(255) NOT NULL,
  `img` varchar(255) NOT NULL,
  `ngay_dang` date NOT NULL,
  `noi_dung` text NOT NULL
) ENGINE=InnoDB DEFAULT CHARSET=utf8mb4 COLLATE=utf8mb4_general_ci;

--
-- Đang đổ dữ liệu cho bảng `tin_tuc`
--

INSERT INTO `tin_tuc` (`id_tin_tuc`, `tieu_de`, `img`, `ngay_dang`, `noi_dung`) VALUES
(8, 'Dung Lượng Pin iPhone 15 Pro Max KHỦNG 4.422 mAh| Test thực tế ra sao?', '0021957_dung-luong-pin-iphone-15-pro-max_1600 (1).jpeg', '2023-11-22', '1. Dung lượng pin iPhone 15 Pro Max bao nhiêu?\r\n4 phiên bản iPhone 15 Series có dung lượng pin nhiều hơn 100 mAh so với iPhone 14 Series. Trong đó, iPhone 15 Pro Max có viên pin 4.422 mAh, dung lượng pin lớn nhất và thời gian sử dụng dẫn đầu khi xem video khoảng 29 giờ, phát video trực tuyến 25 giờ và nghe nhạc lên đến 95 giờ. Ngoài ra, iPhone 15 Pro Max được hỗ trợ sạc nhanh với dây 20W, sạc đầy 50% chỉ trong 35 phút.\r\n\r\nThay đổi cổng sạc  trên iphone 15 series giúp bạn tiết kiệm thời gian sạc nhanh hơn. Có thể thấy, thời lượng sử dụng của iPhone 15 Pro Max theo Apple công bố không có sự thay đổi so với tiền nhiệm iPhone 14 Pro Max.\r\n\r\nChi tiết thông số pin iPhone 15 Pro Max được cập nhật chi tiết trong nội dung dưới đây:\r\n\r\nThông số pin iPhone 15 Pro Max\r\n\r\nĐặc điểm\r\n\r\nThông số chi tiết\r\n\r\nLoại pin\r\n\r\nLi-ion (Lithium-ion)\r\n\r\nDung lượng pin\r\n\r\n4.422 mAh\r\n\r\nThời lượng sử dụng\r\n\r\nXem video: 29 giờ\r\n\r\nXem video trực tuyến: 25 giờ\r\n\r\nNghe nhạc: 95 giờ\r\n\r\nThời gian sạc 50%\r\n\r\n30 phút\r\n\r\nThời gian sạc đầy 100%\r\n\r\nTừ 80 - 90 phút\r\n\r\nCó thể thấy, iPhone 15 Pro Max vẫn sử dụng pin Li-ion tương tự như các dòng iPhone khác, đồng thời các thông số không nhiều khác biệt so với bản tiền nhiệm. Vậy dung lượng pin ip15 Pro Max so với những phiên bản khác trong cùng series có gì nổi bật, hãy cùng theo dõi trong nội dung dưới đây.\r\n\r\nDung lượng pin iPhone 15 Pro Max\r\n\r\niPhone 15 Pro Max sở hữu dung lượng pin lên tới 4.422 mAh\r\n\r\n>>> Tham khảo thêm về  để xem Apple thay đổi siêu phẩm lần này như thế nào mà iFans săn đón rầm rộ như vậy.\r\n\r\n2. 2 bài test thời lượng pin iPhone 15 Pro Max thực tế\r\nĐể hình dung rõ hơn về thời gian sử dụng thực tế của iPhone 15 Pro Max, người dùng hãy cùng chúng tôi tìm hiểu chi tiết hơn qua 2 bài test về dung lượng pin của những chuyên gia công nghệ:\r\n\r\n2.1 Tom’s Guide thí nghiệm iPhone 15 Pro Max dùng tới 14 tiếng 02 phút \r\nChuyên trang công nghệ  trang tin tức có độ chính xác cao gần đây đã thực hiện thí nghiệm thời gian sử dụng thực tế của cả 4 phiên bản iPhone 15 series. \r\n\r\nTrong điều kiện lướt web liên tục với mức sáng 150 nits, iPhone 15 Pro Max đã cho thấy khả năng vượt trội của mình với thời gian sử dụng liên tục 14 giờ 02 phút. Mặc dù thông số không mạnh bằng iPhone 15 Pro Max, nhưng trong thí nghiệm này, iPhone 15 Plus lại là phiên bản đứng đầu iPhone 15 series với thời gian sử dụng liên tục là 14 giờ 14 phút (hơn iPhone 15 Pro Max 12 phút). Đứng ở hạng áp chót và hạng chót lần lượt là iPhone 15 và iPhone 15 Pro.\r\n\r\nDù không phải là phiên bản có thời gian sử dụng lâu nhất trong thí nghiệm lần này nhưng Tom’s Guide ưu ái dành lời nhận xét “có cánh” cho iPhone 15 Pro Max: Không có một chiếc điện thoại hàng đầu nào mà chuyên trang này từng thử nghiệm cho thời gian sử dụng ấn tượng như iPhone 15 Pro Max. Tuy mức dung lượng pin chỉ nhỉnh hơn một chút nhưng rõ ràng, iPhone 15 Pro Max cho kết quả khác biệt hơn tiền nhiệm (lâu hơn 23 phút so với iPhone 14 Pro Max).\r\n\r\nKết quả thử nghiệm thời lượng sử dụng pin trên iPhone 15 series\r\n\r\nKết quả của cuộc thử nghiệm của Tom’s Guide với 4 phiên bản iPhone 15 series\r\n\r\n2.2 Youtube DKHD khẳng định iPhone 15 Pro Max dùng hơn 12 tiếng\r\nMới đây kênh YouTube DKHD đã đăng tải video so sánh về pin giữa iPhone 15 Pro Max và iPhone 14 Pro Max thu hút 37.000 lượt xem. Trong video này, người thực hiện đã sử dụng điều kiện thử nghiệm là xem video kết hợp cùng chơi game trên cả 2 phiên bản. Kết quả cho thấy, thời gian sử dụng liên tục của iPhone 14 Pro Max là 9 giờ 30 phút. Với iPhone 15 Pro Max, con số cho ra ấn tượng hơn - khoảng 10 tiếng 30 phút trong cùng điều kiện thử nghiệm. Ngoài ra, trong điều kiện thử nghiệm nhẹ nhàng hơn, iPhone 15 cho thời gian sử dụng đáng kinh ngạc - lên đến hơn 12 giờ.\r\n\r\nYouTuber DKHD cho rằng, có 2 lý do chính giúp pin iPhone 15 Pro Max vượt trội hơn tiền nhiệm là dung lượng pin 4.422 mAh và bộ vi xử lý Apple A17 Pro 3nm giúp tiết kiệm năng lượng mới được Apple trang bị cho phiên bản này. Như đã phân tích ở phần trên, dung lượng pin và chipset là 2 yếu tố quan trọng nhất giúp nâng cao thời lượng sử dụng pin của iPhone nói riêng và toàn bộ smartphone nói chung.\r\n\r\nĐể hiểu rõ hơn về quá trình thí nghiệm pin iPhone 15 Pro Max của YouTuber này, người dùng có thể tham khảo thêm video dưới đây:\r\n\r\n\r\n\r\n2 thí nghiệm về pin iPhone 15 Pro Max cho thấy, thời gian sử dụng liên tục của phiên bản này khoảng 12 - 14 tiếng cho các tác vụ khác nhau, nhiều hơn 20 phút - 60 phút so với iPhone 14 Pro Max. Đây là phiên bản Pro Max có pin “trâu” nhất trong dòng Pro Max, giúp người dùng sử dụng cả ngày mà không lo hết pin. Điều này nhờ vào 2 yếu tố:\r\n\r\nChip xử lý A17 Bionic hoàn toàn đột phá: CPU 6 lõi và GPU 6 lõi giúp hiệu năng iPhone 15 Pro Max vượt trội hơn khoảng 30%, đồng thời giúp tiết kiệm năng lượng hơn 30 - 35% so với chip A16 Bionic trên iPhone 15, iPhone 15 Plus, iPhone 14 Pro và iPhone 14 Pro Max.\r\nKích cỡ máy 6.7 inch siêu lớn: Kích thước lớn giúp Apple tăng kích cỡ của viên pin, từ đó giúp cải thiện mức dung lượng pin trên iPhone 15 Pro Max lên đến 4.422 mAh (nhiều hơn tiền nhiệm iPhone 14 Pro Max 99 mAh).\r\n3. 4+ lý do Pin iPhone 15 Pro Max gây ấn tượng với người dùng\r\nPin iPhone 15 Pro Max gây ấn tượng với người dùng bởi thời lượng sử dụng được cải thiện đáng kể so với các thế hệ iPhone trước, giúp người dùng có thể sử dụng điện thoại cả ngày dài mà không cần lo lắng về vấn đề hết pin. Cùng ShopDunk điểm danh qua 4 lý do khiến người dùng ấn tượng với viên pin 4.422 mAh này nhé:\r\n\r\nTăng dung lượng pin: iPhone 15 Pro Max có dung lượng pin 4.422 mAh, cao hơn so với iPhone 14 Pro Max là 4.323 mAh. Sự gia tăng dung lượng pin này giúp iPhone 15 Pro Max có thời lượng sử dụng lâu hơn đáng kể.\r\nSử dụng màn hình OLED tiết kiệm pin: iPhone 15 Pro Max sử dụng màn hình OLED, loại màn hình tiết kiệm pin hơn so với màn hình LCD.\r\nTối ưu hóa hiệu năng chip A17 Pro: Chip A17 Pro được Apple tối ưu hóa về hiệu năng và khả năng tiết kiệm pin.\r\nThay đổi cổng sạc Lightning thành cổng USB-C: Cổng USB Type C có khả năng sạc nhanh hơn và hiệu quả hơn cổng Lightning, có thể kết nối với laptop, tivi và các thiết bị khác nhanh chóng.\r\nNgoài ra, Apple ưu ái cải tiến 2 điểm sau giúp iPhone 15 Pro Max tiết kiệm pin như:\r\n\r\nChế độ tiết kiệm pin được cải thiện: Chế độ tiết kiệm pin trên iPhone 15 Pro Max được cải thiện giúp điện thoại tiết kiệm pin nhiều hơn.\r\nChế độ Always-on Display được cải thiện: Chế độ Always-on Display trên iPhone 15 Pro Max được cải thiện giúp điện thoại tiêu tốn ít pin hơn.\r\nKhông chỉ iPhone 15 Pro Max gây ấn tượng với người dùng về dung lượng và thời gian sử dụng, iPhone 15 là một trong 4 phiên bản iPhone 15 Series được nhiều người dùng yêu thích với mức tài chính phù hợp. Với bảng màu đa dạng, cùng  cao hơn phiên bản cũ, nhiều nâng cấp \'ăn tiền\' đến từ nhà Táo chắc chắn làm iFans mê mẩn.\r\n\r\n4. So sánh dung lượng pin iPhone 15 Pro Max với iPhone 15/Plus/Pro\r\nKhi so sánh với các phiên bản cùng thế hệ, iPhone 15 Pro Max vẫn chiếm “thế độc tôn” khi sở hữu viên pin có dung lượng “trâu” nhất. Bạn có thể tham khảo bảng thông số chi tiết về thông số pin iPhone 15 series trong bảng dưới đây:\r\n\r\nPhiên bản iPhone 15\r\n\r\nDung lượng pin\r\n\r\nThời lượng pin\r\n\r\nThời gian sạc đầy\r\n\r\niPhone 15\r\n\r\n3.349 mAh\r\n\r\nXem video: 20 giờ \r\n\r\nXem video trực tuyến: 16 giờ \r\n\r\nNghe nhạc: 80 giờ\r\n\r\n60 - 80 phút \r\n\r\niPhone 15 Plus\r\n\r\n4.383 mAh\r\n\r\nXem video: 26 giờ \r\n\r\nXem video trực tuyến: 20 giờ \r\n\r\nNghe nhạc: 100 giờ\r\n\r\n80 - 90 phút \r\n\r\niPhone 15 Pro\r\n\r\n3.274 mAh\r\n\r\nXem video: 23 giờ \r\n\r\nXem video trực tuyến: 20 giờ \r\n\r\nNghe nhạc: 75 giờ\r\n\r\n60 - 70 phút \r\n\r\niPhone 15 Pro Max\r\n\r\n4.422 mAh\r\n\r\nXem video: 29 giờ \r\n\r\nXem video trực tuyến: 25 giờ \r\n\r\nNghe nhạc: 95 giờ\r\n\r\n80 - 90 phút \r\n\r\nCó thể thấy,  phiên bản có dung lượng pin lớn nhất là iPhone 15 Pro Max ở mức 4.422 mAh. Xếp hạng 2 là iPhone 15 Plus với mức pin 4.383 mAh (ít hơn 39 mAh so với phiên bản dẫn đầu). iPhone 15 đứng thứ 3 sở hữu mức dung lượng 3.349 mAh. Đứng vị trí cuối cùng trong 4 phiên bản iPhone 15 series về mức dung lượng pin, iPhone 15 Pro có viên pin bé nhất 3.274 mAh.\r\n\r\niPhone 15 Pro Max và iPhone 15 Plus là 2 phiên bản có mức dung lượng pin tốt nhất bởi kích cỡ lớn nên có đủ không gian cho viên pin lớn hơn so với iPhone 15 và iPhone 15 Pro. Nhưng iPhone 15 Pro Max vẫn cho thời lượng sử dụng tốt hơn vì đã được Apple nâng cấp đáng kể về vi xử lý.  được chụp từ cụm camera chính 48 MP được đánh giá là một trong những nâng cấp \'đắt xắt ra miếng\' đến từ nhà Táo, mang đến cho người dùng những bức ảnh chất lượng cao.\r\n\r\nChip A17 Pro với 6 lõi CPU và 6 lõi GPU giúp hiệu năng iPhone 15 Pro Max vượt trội hơn khoảng 30%, đồng thời giúp tiết kiệm năng lượng hơn 30 - 35% so với chip A16 Bionic trên iPhone 15 Plus. Theo đó, iPhone 15 Pro Max sẽ dùng được lâu hơn iPhone 15 Plus 3 - 5 giờ.\r\n\r\nCải thiện dung lượng pin iPhone 15 Pro Max qua chip A17\r\n\r\nChip A17 Pro là một trong những yếu tố giúp thời gian sử dụng của iPhone 15 Pro Max tốt hơn so với bản thường\r\n\r\nSo với iPhone 15 và iPhone 15 Pro, pin iPhone 15 Pro Max chắn chắn tốt hơn vì cỡ máy lớn nên được Apple trang bị viên pin có kích thước lớn hơn. Tuy iPhone 15 Pro cũng sở hữu chip A17 Pro siêu tiết kiệm điện năng nhưng vì hạn chế của viên pin nhỏ nên sẽ không thể cho thời gian sử dụng “khủng” như iPhone 15 Pro Max. 2 phiên bản iPhone 15 và iPhone 15 Pro lần lượt kém hơn tới 1.073 mAh và 1.148 mAh so với “anh cả” iPhone 15 Pro Max.\r\n\r\nCó thể kết luận, trong cùng series iPhone 15 mới nhất, iPhone 15 Pro Max có pin khủng nhất cùng thời gian sử dụng “trâu” nhất.\r\n\r\nThời gian xem video trên iPhone 15 Pro Max\r\n\r\nChip A17 Pro 3nm cùng kích thước lớn đủ sức chứa viên pin khủng giúp iPhone 15 Pro Max trở thành phiên bản có lượng pin đứng đầu iPhone 15 series\r\n\r\n4. So sánh dung lượng pin iPhone 15 Pro Max với pin iPhone 14 Pro Max\r\nNgười dùng hãy theo dõi ngay bảng so sánh giữa iPhone 15 Pro Max và các bản tiền nhiệm sau để cùng chúng tôi đánh giá pin iPhone 15 Pro Max so với tất cả các phiên bản này:\r\n\r\nPhiên bản iPhone \r\n\r\nDung lượng pin\r\n\r\nThời lượng pin\r\n\r\nThời gian sạc đầy\r\n\r\niPhone 15 Pro Max\r\n\r\n4.422 mAh\r\n\r\nXem video: 29 giờ \r\n\r\nXem video trực tuyến: 25 giờ \r\n\r\nNghe nhạc: 95 giờ\r\n\r\n1 giờ 30 phút \r\n\r\niPhone 14 Pro Max\r\n\r\n4.323 mAh\r\n\r\nXem video: 29 giờ \r\n\r\nXem video trực tuyến: 25 giờ \r\n\r\nNghe nhạc: 95 giờ\r\n\r\n1 giờ 21 phút\r\n\r\niPhone 13 Pro Max\r\n\r\n4.352 mAh\r\n\r\nXem video: 28 giờ \r\n\r\nXem video trực tuyến: 25 giờ \r\n\r\nNghe nhạc: 95 giờ\r\n\r\n1 giờ 40 phút \r\n\r\niPhone 12 Pro Max\r\n\r\n3.046 mAh\r\n\r\nXem video: 20 giờ \r\n\r\nXem video trực tuyến: 12 giờ \r\n\r\nNghe nhạc: 80 giờ\r\n\r\n3 giờ 12 phút \r\n\r\niPhone 11 Pro Max\r\n\r\n3.969 mAh\r\n\r\nXem video: 20 giờ \r\n\r\nXem video trực tuyến: 12 giờ \r\n\r\nNghe nhạc: 80 giờ\r\n\r\n1 giờ 57 phút \r\n\r\n>>> Tham khảo chi tiết thông tin về \r\n\r\nTừ bảng trên có thể kết luận, dung lượng pin của các bản Pro Max có xu hướng tăng nhẹ từ iPhone 11 Pro Max, cho thấy nỗ lực cải thiện viên pin của Apple trong suốt 5 năm qua giúp dòng Pro Max cải thiện thời gian sử dụng, đủ sức để cạnh tranh với các flagship Android mới cả về hiệu suất lẫn thời lượng sử dụng pin.\r\n\r\nSo với tất cả các phiên bản tiền nhiệm, iPhone 15 Pro Max lần lượt có dung lượng pin tăng khoảng 2,29% với iPhone 14 Pro Max. Với iPhone 13 Pro Max, dung lượng pin tăng khoảng 1,61%. Pin iPhone 15 Pro Max cũng tăng khoảng 45,17% so với iPhone 12 Pro Max và với iPhone 11 Pro Max tăng khoảng 11,41%.\r\n\r\nTuy nhiên mặc dù dung lượng pin iPhone 15 Pro Max có tăng nhẹ nhưng thời gian sử dụng vẫn giữ nguyên so với iPhone 14 Pro Max khiến không ít người dùng băn khoăn về 2% pin tăng thêm có tác dụng như thế nào. Có vẻ lần trở lại này Apple không quá đầu tư vào vấn về pin và thời gian sử dụng và những nâng cấp mới trên iPhone 15 Pro Max dự kiến sẽ “ngốn\" nhiều dung lượng pin khiến thời gian sử dụng không tăng lên quá nhiều.\r\n\r\nDung lượng pin iPhone 15 Pro Max'),
(9, 'Cấu hình iPhone 15 Pro Max đột phá chưa từng thấy!', '0022509_man-hinh-oled-kich-thuoc-6-7-inch_1600 (3).png', '2023-11-22', '1. Cấu hình màn hình iPhone 15 Pro Max\r\nDù sở hữu cấu hình màn hình tương tự iPhone 14 Pro Max tiền nhiệm, tuy nhiên với những thông số hiện tại iPhone 15 Pro Max vẫn đang là siêu phẩm có khả năng hiển thị tốt nhất trong số các phiên bản iPhone của nhà Táo.\r\n\r\n1.1. Đánh giá chung màn hình iPhone 15 Pro Max\r\nCông nghệ màn hình Super Retina OLED XDR được Apple “tái sử dụng” cho siêu phẩm iPhone 15 Pro Max năm nay. Công nghệ màn hình này sở hữu dải tương phản động cao giúp trung hòa vùng hiển thị sáng và tối một cách hài hòa, mang đến những hình ảnh, đồ họa chân thực và sống động. Màn hình OLED còn cung cấp độ sáng và màu sắc chính xác, giảm tình trạng bóng mờ, đốm đen hiệu quả tạo cảm giác mãn nhãn khi lướt trình duyệt, chơi game, xem phim,... \r\n\r\nKích thước màn hình 6.7 inch cũng mang lại cho iPhone 15 Pro Max không gian hiển thị rộng rãi, đảm bảo trải nghiệm hình ảnh, đồ họa rõ nét khi sử dụng. Ngoài ra, iPhone 15 Pro Max sở hữu độ phân giải màn hình 2796 x 1290 pixels vô cùng ấn tượng, chắc chắn mang đến những khung ảnh sắc nét đến từng chi tiết, chạy video 4K, HD mượt mà hơn. \r\n\r\nMàn hình OLED, kích thước 6.7 inch “tái xuất” mang đến cho iPhone 15 Pro Max khả năng hiển thị màn hình chất lượng, chân thật \r\n\r\nMàn hình OLED, kích thước 6.7 inch “tái xuất” mang đến cho iPhone 15 Pro Max khả năng hiển thị màn hình chất lượng, chân thật \r\n\r\nVới mật độ điểm ảnh lên đến 460 ppi, iPhone 15 Pro Max có khả năng hiển thị chi tiết và không mờ nhòe hay tối màu. Công nghệ Always-On display kết hợp cùng Promotion 120Hz cũng góp phần đưa iPhone 15 Pro Max trở thành dòng điện thoại có màn hình tốt nhất của nhà “Táo Khuyết”. \r\n\r\nApple cũng đặc biệt trang bị cho iPhone 15 Pro Max độ sáng đạt đỉnh lên đến 1.600 nits và 2.000 nits trong điều kiện ánh sáng mặt trời chói. Đây là độ sáng vô cùng ấn tượng giúp hiển thị rõ ràng và hạn chế lóa sáng cho người dùng. Nhìn chung, màn hình iPhone 15 Pro Max mang đến trải nghiệm hiển thị mãn nhãn tương đương phiên bản bản tiền nhiệm ra mắt 1 năm trước đó.\r\n\r\niPhone 15 Pro Max được Apple trang bị Promotion 120Hz, Always - On display mang lại nhiều tiện ích cho người dùng\r\n\r\niPhone 15 Pro Max được Apple trang bị Promotion 120Hz, Always - On display mang lại nhiều tiện ích cho người dùng\r\n\r\n1.2. Chuyên gia đánh giá màn hình iPhone 15 Pro Max\r\nĐể có cái nhìn tổng quan hơn về màn hình iPhone 15 Pro Max, bạn nên tham khảo thêm các đánh giá của chuyên gia công nghệ. Theo  - trang web quốc tế chuyên phân tích, đánh giá chính xác các sản phẩm của Apple cho biết iPhone 15 Pro Max có khả năng đọc tốt, màu sắc sống động và hiệu suất giảm khung hình mạnh mẽ,... Đánh giá của chuyên trang về màn hình iPhone 15 Pro Max được làm rõ qua các tiêu chí dưới đây:\r\n\r\nKhả năng đọc: iPhone 15 Pro Max có khả năng đọc ngay cả khi ở ngoài trời với độ sáng 2.000 nit, cùng việc cải thiện đồng đều độ sáng, khả năng điều chỉnh linh hoạt giúp giúp việc xem ảnh, lướt web tốt hơn. \r\nMàu sắc: Đo màu sắc iPhone 15 Pro Max ở chế độ mặc định bão hòa hơn, hiển thị dải màu sống động và hấp dẫn tuy nhiên dưới ánh sáng mặt trời iPhone 15 Pro Max có hiện tượng đổ màu mạnh làm giảm sắc độ tone da.\r\nVideo, băng hình: Video SDR trên iPhone 15 Pro Max có khả năng hiển thị màu ảnh tĩnh bão hòa trong điều kiện ánh sáng tối, các gam màu chuẩn xác và rõ nét.\r\nTốc độ khung hình: iPhone 15 Pro Max có tốc độ giảm khung hình gần như hoàn hảo, chỉ có một hoặc không có hiện tượng bị rớt khung hình sau khi phát lại video. Tuy nhiên, phiên bản này vẫn có hiện tượng không khớp khung hình khi chơi game nặng.\r\nHiệu suất cảm ứng: Tương tự iPhone 14 Pro Max, iPhone 15 Pro Max có độ phản hồi cao, độ cảm ứng nhạy, mượt mà với tốc độ 60 khung hình/giây.\r\nNhìn chung, iPhone 15 Pro Max có khả năng hiển thị hình ảnh ổn định ngay cả ở môi trường ngoài trời, màu sắc sống động và chân thực cùng khả năng cảm ứng nhanh, độ phản hồi chính xác mang đến trải nghiệm hiển thị mãn nhãn nhất cho người dùng.\r\n\r\nMàn hình iPhone 15 Pro Max được chuyên gia đánh giá cao về khả năng đọc và hiển thị  \r\n\r\nMàn hình iPhone 15 Pro Max được chuyên gia đánh giá cao về khả năng đọc và hiển thị  \r\n\r\n2. Cấu hình camera iPhone 15 Pro Max\r\niPhone 15 Pro Max có cấu hình camera được nâng cấp vượt trội từ công nghệ chụp cho đến chất lượng hình ảnh, tính năng chụp.\r\n\r\n2.1. Đánh giá chung camera iPhone 15 Pro Max\r\nCấu hình camera trước vẫn được Apple duy trì cảm biến 12MP và khẩu độ f/1.9 từ năm trước. Trên thực tế, cấu hình camera trước của phiên bản này rất khủng với khả năng thu nhiều ánh sáng, làm rõ mọi chi tiết mang đến những bức ảnh tươi sáng, chất lượng.\r\n\r\nVề cụm camera sau, ống kính chính cảm biến 48MP đem đến hình ảnh có chiều sâu ấn tượng cùng độ nét xuất sắc, kết hợp khẩu độ f/1.78 giúp khung hình thu nhiều ánh sáng mặt trời, tạo nên những tấm ảnh sống động và đạt chất lượng điện ảnh.  \r\n\r\niPhone 15 Pro Max có camera 48MP thu được nhiều ánh sáng mang đến những bức ảnh rõ nét và tươi sáng\r\n\r\niPhone 15 Pro Max có camera 48MP thu được nhiều ánh sáng mang đến những bức ảnh rõ nét và tươi sáng\r\n\r\nĐặc biệt, iPhone 15 Pro Max là phiên bản duy nhất được Apple trang bị ống kính Telephoto 5x với tiêu cự 120mm lớn nhất từ trước đến nay. Thiết kế tetraprism cùng công nghệ chống rung quang học OIS đã đến cho camera tele khả năng chụp những bức ảnh chuyển động tự nhiên, bắt trọn từng khoảnh khắc với zoom 5x mà vẫn đảm bảo độ sắc nét cho khung hình.\r\n\r\nSo với các phiên bản tiền nhiệm, camera iPhone 15 Pro Max năm nay được Apple nâng cấp nhiều tính năng như HDR 5 giúp điều chỉnh ánh sáng quá chói hoặc không đều, chụp ảnh chân dung thế hệ mới với khả năng lấy nét chính xác chủ thể mà không cần chuyển chế độ,...\r\n\r\niPhone 15 Pro Max có khả năng zoom 5x bắt trọn mọi khoảnh khắc mà không chiếc iPhone nào làm được\r\n\r\niPhone 15 Pro Max có khả năng zoom 5x bắt trọn mọi khoảnh khắc mà không chiếc iPhone nào làm được\r\n\r\nKhác với mọi năm ảnh chụp tự động chỉ có độ phân giải 12MP, iPhone 15 Pro Max “ghi điểm” trong lòng iFans bởi khả tự động chụp ảnh có độ phân giải 24MP ở chế độ mặc định. Như vậy, độ phân giải cao gấp 2 lần so với trước đây giúp hình ảnh tối ưu được ánh sáng và rõ nét đối tượng hơn\r\n\r\nMột nâng cấp cấu hình camera iPhone 15 Pro Max nổi bật khác chính là khả năng quay video Log. Đây là tính năng quay video với mã hóa định dạng Log - định dạng cho phép các dữ liệu màu sắc, ánh sáng được mã hóa linh động bằng các thuật toán. Tính năng độc đáo này giúp người dùng biên tập và edit lại video chuyên nghiệp hơn.\r\n\r\nCông nghệ Smart HDR 5 giúp ánh sáng và màu sắc hài hòa hơn cho ảnh chụp chân thực\r\n\r\nCông nghệ Smart HDR 5 giúp ánh sáng và màu sắc hài hòa hơn cho ảnh chụp chân thực\r\n\r\nẢnh chân dung được chụp từ camera iPhone 15 Pro Max với khả năng lấy nét cực đỉnh\r\n\r\nẢnh chân dung được chụp từ camera iPhone 15 Pro Max với khả năng lấy nét cực đỉnh\r\n\r\n2.2. Chuyên gia đánh giá camera iPhone 15 Pro Max\r\nTrong video được đăng tải trên YouTube của Steven Divish, chuyên gia cho biết iPhone 15 Pro Max camera selfie mang đến chất lượng màu sắc vô cùng tốt. Khung hình quay chụp bằng camera tele 5x được đánh giá là ổn định ngay cả khi anh chàng di chuyển. Cụ thể đánh giá về cấu hình camera iPhone 15 Pro Max, bạn hãy theo dõi tại video dưới đây:\r\n\r\n\r\n\r\n3. Cấu hình hiệu suất iPhone 15 Pro Max\r\nCấu hình hiệu suất iPhone 15 Pro Max “bùng nổ” hoàn toàn từ chip A17 Pro, RAM 8GB,... mang đến khả năng xử lý tác vụ vô cùng mạnh mẽ. Để hiểu rõ các thông tin phân tích chi tiết cấu hình hiệu suất, bạn hãy theo dõi những đánh giá dưới đây.\r\n\r\n3.1. Đánh giá chung hiệu suất iPhone 15 Pro Max\r\nSo với chip A16 Bionic trên phiên bản tiền nhiệm, iPhone 15 Pro Max được Apple trang bị bộ chipset A17 Pro (3nm) với nhiều cải tiến trong GPU và CPU ấn tượng. Apple hợp tác  cùng TSMC để sản xuất con chip A17 Pro Bionic trên tiến trình 3nm hoàn toàn mới, với 19 tỷ bóng dẫn và 16 lõi Neural Engine mang đến hiệu suất làm việc được ổn định và tiết kiệm pin cho iPhone 15 Pro Max.\r\n\r\nChipset A17 Pro Bionic mới giúp iPhone 15 Pro Max xử lý mọi tác vụ nhanh chóng, đồng thời hỗ trợ người dùng sử dụng thiết bị trong thời gian lâu hơn\r\n\r\nChipset A17 Pro Bionic mới giúp iPhone 15 Pro Max xử lý mọi tác vụ nhanh chóng, đồng thời hỗ trợ người dùng sử dụng thiết bị trong thời gian lâu hơn\r\n\r\nGPU với 6 lõi ấn tượng được xem như là màn nâng cấp toàn diện trong lịch sử của Apple, vừa cải thiện khả năng xử lý tính năng dò tia nhựa trên phần cứng trò chơi đồng thời tăng 20% sức mạnh xử lý tác vụ phức tạp, giúp đồ họa nặng chạy mượt mà và vẫn tối ưu điện năng tiêu thụ.\r\n\r\nNgoài ra, tính năng Ray tracing được bổ sung kết hợp cùng GPU 6 lõi đã cải thiện tốc độ dò tia trên chip A17 Pro gấp 4 lần chip A16 Bionic. Đây là tin mừng dành cho các tín đồ iPhone “yêu” game di động khi iPhone 15 Pro Max đã tối ưu đồ họa, hiệu ứng game giúp người dùng chơi được các game nặng như Genshin Impact, The Division Resurgence, Honkai: Star Rail, PUBG,..\r\n\r\niPhone 15 Pro Max chắc chắn là chiếc smartphone phù hợp dành cho cộng đồng game thủ nhờ khả năng xử lý tác vụ nặng đỉnh cao\r\n\r\niPhone 15 Pro Max chắc chắn là chiếc smartphone phù hợp dành cho cộng đồng game thủ nhờ khả năng xử lý tác vụ nặng đỉnh cao\r\n\r\nNeural Engine được thiết kế để đáp ứng tới 35 nghìn tỷ phép toán mỗi giây - tăng 51% so với chip A16 Bionic, đồng thời cải thiện khả năng xử lý chính xác trí tuệ nhân tạo AI trên nhiều tính năng nổi bật như sinh trắc học, nhận diện khuôn mặt, phân loại hình ảnh,...\r\n\r\nNgoài ra, dung lượng RAM 8GB - tăng 2GB so với iPhone 14 Pro Max tiền nhiệm còn mang đến cho chip A17 Pro khả năng đa nhiệm chuyển đổi vô cùng mượt mà, hiệu suất xử lý đồ họa nặng và tác vụ “khó nhằn” tốt hơn rất nhiều.\r\n\r\nChip A17 Pro 3nm mới được Apple nâng cấp khả năng xử lý đồ họa, hình ảnh và xử lý trí tuệ nhân tạo \r\n\r\nChip A17 Pro 3nm mới được Apple nâng cấp khả năng xử lý đồ họa, hình ảnh và xử lý trí tuệ nhân tạo \r\n\r\n3.2. Chuyên gia đánh giá hiệu suất iPhone 15 Pro Max\r\nKênh YouTube Steven Divish chuyên đăng tải video đánh giá sản phẩm công nghệ cho biết dòng iPhone cao cấp nhất của nhà Táo có khả năng xử lý tác vụ hình ảnh nhanh chóng, mang đến những khung hình chất lượng đỉnh cao với màu sắc ấn tượng, tông da sáng chân thực. Chi tiết đánh giá về hiệu suất iPhone 15 Pro Max, bạn hãy theo dõi video sau:\r\n\r\n\r\n\r\n4. Cấu hình ROM iPhone 15 Pro Max\r\niPhone 15 Pro Max năm nay được Apple trang bị bộ nhớ ROM với khả năng lưu trữ 256GB, 512GB và 1TB. So với phiên bản iPhone 14 Pro Max năm trước, phiên bản cao cấp của nhà Táo lần này đã loại bỏ cỡ 128GB.\r\n\r\nLý do Apple không tiếp tục sản xuất phiên bản 128GB được cho là để tăng dung lượng lưu trữ tối thiểu cho người dùng. Bởi iPhone 15 Pro Max đã nâng cấp cấu hình đáng kể, đồng nghĩa với việc đòi hỏi nhiều dung lượng lưu trữ hơn cho các tệp hình ảnh, video, ứng dụng mặc định,... iPhone 15 Pro Max phải bắt đầu từ 256GB để có thể đáp ứng tốt nhu cầu sử dụng trong thời gian dài.\r\n\r\nVề dung lượng RAM, iPhone 15 Pro Max sở hữu 8GB RAM LPDDR5 giúp cải thiện hiệu suất tổng thể, hỗ trợ đa nhiệm chuyển đổi mượt mà và xử lý tác vụ nặng mạnh mẽ.\r\n\r\niPhone 15 Pro Max có sức chứa khủng với mức ROM 1TB giúp người dùng chứa hàng trăm ngàn khung ảnh, video\r\n\r\niPhone 15 Pro Max có sức chứa khủng với mức ROM 1TB giúp người dùng chứa hàng trăm ngàn khung ảnh, video\r\n\r\n5. 3 thông số cấu hình khác của iPhone 15 Pro Max\r\nBên cạnh các cấu hình về màn hình, camera, hiệu suất và bộ nhớ ROM, iPhone 15 Pro Max còn được nhiều người quan tâm ở các thông số nổi bật khác như chuẩn kháng nước, chip Ultra Wideband và Wi-Fi. Cụ thể thông tin xoay quanh các thông số này, bạn hãy theo dõi nội dung dưới đây:\r\n\r\nKháng nước chuẩn IP68: iPhone 15 Pro Max được Apple trang bị kháng nước chuẩn IP68 giúp bảo vệ máy ở độ sâu tối đa 1.5 m trong thời gian 30 phút. Với tiêu chuẩn này, iPhone 15 Pro Max vẫn hoạt động tốt ngay cả khi bị dính nước mưa hoặc rơi xuống vũng nước.\r\nChip Ultra Wideband thế hệ 2: iPhone 15 Pro Max sở hữu chip Ultra Wideband thế hệ 2 giúp phạm vi kết nối các thiết bị rộng hơn gấp 3 lần so với chip cũ. Một số tính năng như tìm kiếm người khác, chia sẻ vị trí được kích hoạt giúp người dùng sử dụng dễ dàng và hiệu quả hơn.\r\nWi-Fi 6E: iPhone 15 Pro Max nâng cấp lên Wi-Fi 6E với tốc độ truyền tải mạng lên 1.788 Gbps, nhanh gấp 1.56 lần iPhone 14 Pro Max tiền nhiệm chỉ có tốc độ 1.146 Gbps. Phạm vi bắt mạng của Wi-Fi 6E rộng, khả năng tạo tín hiệu nhanh đã cải thiện tình trạng nhiễu sóng và tăng độ bảo mật mạng hiệu quả hơn.\r\niPhone 15 Pro Max được Apple hỗ trợ kháng nước chuẩn IP68, Wi-Fi 6E mới cùng Chip Ultra Wideband thế hệ 2'),
(10, 'iMac M1 dành cho ai? - Hướng dẫn lựa chọn iMac M1 cho mọi người', '0016914_maxresdefault-2_1600 (1).jpeg', '2023-11-21', 'iMac M1 dành cho ai? - Hướng dẫn lựa chọn iMac M1 cho mọi người sẽ được chia sẻ trong video của Yêu Apple - Đối tác chính thức của ShopDunk.\r\n\r\n'),
(11, 'MacBook Pro 14 inch M2 Pro review - Ai nên mua và không nên? Xem ngay', '0018467_macbook-pro-14-m2-pro-review_1600 (1).jpeg', '2023-11-12', '1. Review thiết kế và cổng kết nối\r\nMacbook Pro M2 Pro 14 inch có thiết kế giống như phiên bản 2021, với các cạnh vuông vức kết hợp với các góc bo tròn, có  trọng lượng khoảng 1.6 kg. Nhìn chung, máy có kích thước khá nhỏ gọn và dễ dàng mang theo khi di chuyển.\r\n\r\nMột điểm cộng lớn của Macbook Pro M2 Pro 14 inch là 7 cổng kết nối gồm:\r\n\r\nMột cổng HDMI 2.1 hỗ trợ màn hình lên đến 8K\r\nMột khe cắm thẻ SD UHS-II cho việc chuyển dữ liệu nhanh chóng\r\nMột cổng sạc MagSafe 3 có khả năng điều chỉnh màu sắc theo màu của laptop\r\nBa cổng Thunderbolt 4 hỗ trợ USB 4 và DisplayPort\r\nMột jack tai nghe\r\nVới lợi thế về cổng kết nối, Macbook Pro M2 Pro 14 inch sẽ cho phép bạn: \r\n\r\nSạc laptop bằng cổng Thunderbolt 4\r\nCác cổng kết nối này cũng cho phép bạn kết nối laptop với nhiều thiết bị khác nhau, như màn hình ngoài, máy ảnh, bàn phím, chuột hay tai nghe. Bạn sẽ không cần phải mang theo nhiều cáp chuyển đổi hay hub. \r\nXuất hình ảnh lên màn hình lớn với độ phân giải cao và tần số quét cao nhờ cổng HDMI 2.1.\r\nSạc laptop một cách an toàn và tiện lợi với cổng MagSafe 3 - một tính năng quen thuộc của các dòng Macbook trước đây.\r\nReview thiết kế và cổng kết nối của Macbook pro 14 m2 pro\r\n\r\nTổ hợp cổng kết nối của Macbook Pro M2 Pro 14 inch mang tới sự tiện lợi cho người dùng \r\n\r\n2. Review màn hình và âm thanh\r\n2.1. Review màn hình\r\nMàn hình là một trong những điểm nổi bật của Macbook Pro M2 Pro 14 inch. Màn hình mini-LED của chiếc laptop này có những đặc điểm như: \r\n\r\nĐộ phân giải 3024 x 1964 pixel\r\nTỷ lệ khung hình 16:10\r\nKích thước 14.2 inch\r\nĐộ sáng lên đến 1600 nits\r\nĐộ tương phản cao và hỗ trợ HDR\r\nMàu sắc trên màn hình sống động và có độ chính xác cao\r\nKhả năng hiển thị rộng các gam màu như P3 và Adobe RGB. \r\nTính năng True Tone để điều chỉnh nhiệt độ màu theo ánh sáng xung quanh\r\nTính năng ProMotion để thay đổi tần số quét từ 24 Hz đến 120 Hz tùy theo nội dung.\r\nMàn hình mini-LED là một công nghệ mới cho phép điều khiển ánh sáng của từng vùng nhỏ trên màn hình, giúp tăng độ tương phản và giảm hiện tượng ánh sáng rò rỉ. Điều này mang lại cho bạn trải nghiệm xem phim hay chơi game tuyệt vời trên laptop này. Màn hình này cũng rất thân thiện với mắt của bạn, vì nó không sử dụng công nghệ PWM để điều chỉnh độ sáng.\r\n\r\nMột điểm trừ nhỏ của màn hình là một phần lõm vào ở giữa cạnh trên, hay còn gọi là notch. Phần notch này chứa webcam và các cảm biến khác, nhưng cũng làm giảm không gian hiển thị của thanh menu. \r\n\r\nBạn có thể che đi phần notch bằng cách bật chế độ toàn màn hình cho các ứng dụng, nhưng điều này cũng sẽ làm biến mất thanh menu hoàn toàn. Ngoài ra, phần notch này không có tính năng Face ID để mở khóa laptop bằng khuôn mặt, điều mà nhiều người mong đợi.\r\n\r\nReview màn hình của Macbook pro 14 m2 pro\r\n\r\nMàn hình của MacBook Pro 14 inch M2 Pro nhận được nhiều lời ngợi khen từ người dùng\r\n\r\n2.2. Review âm thanh\r\nÂm thanh trên Macbook Pro M2 Pro 14 inch cũng được đánh giá cao về chất lượng gây ấn tượng cho người nghe. Chiếc laptop này có sáu loa với hai loa siêu trầm cho âm bass sâu và rõ. Âm thanh trên laptop rất to và rõ ràng, với khả năng tái hiện chi tiết các âm cao và âm trung. \r\n\r\nBạn có thể thưởng thức âm nhạc, xem phim hay chơi game trên laptop này mà không cần tai nghe. Macbook Pro M2 Pro 14 inch cũng có ba micro thu âm với chất lượng cao, phù hợp cho việc gọi video hay thu âm.\r\n\r\n3. Review hiệu năng và pin\r\nHiệu năng là điểm mạnh nhất của Macbook Pro M2 Pro 14 inch. Chiếc laptop này được trang bị chip M2 Pro mới của Apple, với 10 nhân CPU (8 nhân hiệu suất và 2 nhân hiệu quả), 16 nhân GPU, 16GB bộ nhớ liên kết và 512GB ổ cứng SSD. Chip M2 Pro được sản xuất theo tiến trình 5nm và có kiến trúc ARM, cho hiệu suất cao và tiết kiệm điện năng.\r\n\r\nTrong các bài kiểm tra của nhiều chuyên gia máy tính, Macbook Pro M2 Pro 14 inch cho thấy sức mạnh vượt trội so với các laptop khác. Chiếc laptop này xử lý các tác vụ nặng như chỉnh sửa video 4K, render 3D hay chơi game mượt mà và không gặp khó khăn gì. Macbook Pro M2 Pro 14 inch cũng hoạt động rất êm ái và không quá nóng khi chạy các tác vụ nặng.\r\n\r\nĐây là kết quả của một số bài kiểm tra hiệu năng của Macbook Pro M2 Pro 14 inch:\r\n\r\nGeekbench 5: CPU single-core: 1,825, CPU multi-core: 12,345, GPU Metal: 42,567.\r\nCinebench R23: CPU single-core: 1,678, CPU multi-core: 15,432.\r\nHandbrake: Chuyển đổi định dạng video 4K sang 1080p: 6 phút 45 giây.\r\nBlender: Render một mô hình 3D: 4 phút 12 giây.\r\nShadow of the Tomb Raider: Chơi game ở độ phân giải 1080p với cài đặt cao - 45 fps.\r\nNhững kết quả này cho thấy Macbook Pro M2 Pro 14 inch có thể đáp ứng được nhu cầu của người làm các công việc sáng tạo như thiết kế đồ họa, tạo dựng video, dựng phim kỹ xảo 3D/4D,... Bạn có thể chạy nhiều ứng dụng cùng lúc mà không bị giảm hiệu năng hay đơ máy. \r\n\r\n4. Đánh giá ưu và nhược điểm của Macbook Pro M2 Pro 14 inch \r\nTừ những phân tích kể trên, chúng tôi đã tổng kết lại một số điểm cộng và điểm trừ của Macbook Pro 14inch P2 Pro như sau:\r\n\r\nĐiểm cộng\r\n\r\nĐiểm trừ\r\n\r\nThiết kế sang trọng, mỏng nhẹ \r\nHiệu năng cao\r\nThời lượng pin khủng\r\nChất lượng âm thanh đỉnh như một chiếc loa chuyên nghiệp\r\nMức giá khá cao (đặc biệt khi bạn muốn nâng cấp RAM hay SSD).\r\nNâng cấp chưa có nhiều điểm khác biệt so với M1 Pro \r\nPhần notch trong màn hình làm giảm không gian hiển thị.\r\nKhông có tính năng Face ID để mở khóa bằng khuôn mặt.\r\nƯu nhược điểm của Macbook pro 14 m2 pro\r\n\r\nMacBook Pro M2 Pro chưa có nhiều nâng cấp vượt trội hơn so với dòng tiền nhiệm\r\n\r\n5. Ai nên mua MacBook Pro 14 M2 Pro?\r\nTheo đánh giá của chúng tôi, những người làm các công việc sáng tạo như nhà thiết kế đồ họa, nhà biên tập video, nhà sản xuất âm nhạc hay nhà phát triển phần mềm,... sẽ phù hợp với chiếc MacBook Pro 14 M2 Pro này.  Bởi vì công việc của họ đòi hỏi một chiếc laptop có hiệu năng cao, màn hình đẹp, âm thanh tốt và pin lâu dài để có thể làm việc hiệu quả và sáng tạo. Macbook Pro M2 Pro 14 inch có thể đáp ứng được những yêu cầu này và mang lại cho họ trải nghiệm làm việc tuyệt vời.\r\n\r\nBên cạnh đó, nếu bạn không quan tâm đến những điểm trừ kể trên và muốn có một chiếc laptop di động có hiệu năng cao, Macbook Pro M2 Pro 14 inch là một lựa chọn hoàn hảo cho bạn. \r\n\r\nNếu bạn chỉ cần một chiếc laptop để làm các tác vụ cơ bản và tiết kiệm chi phí, bạn có thể chọn những chiếc laptop khác có giá mềm hơn như , Pro M2 2022,... vẫn đáp ứng được nhu cầu của bạn.\r\n\r\nGiá bán của Macbook Pro M2 Pro 14 inch tại Việt Nam dao động từ 47.990.000 đồng đến 81.990.000 đồng, tùy theo cấu hình và dung lượng bộ nhớ.'),
(12, 'iPad đang dần thay thế Macbook như thế nào?', '0023801_Ảnh màn hình 2023-11-15 lúc 16.28.31_1600 (1) (1).png', '2023-11-11', 'Thiết kế\r\nĐây là điểm cộng lớn nhất khi chuyển từ MacBook sang iPad. Apple hiện có 4 dòng sản phẩm: iPad (phát triển từ thế hệ iPad đầu tiên), iPad Mini, iPad Air và iPad Pro. Mỗi dòng sẽ được áp dụng các kích thước khác nhau, đáp ứng với nhu cầu sử dụng của nhiều đối tượng khách hàng: 8.7 inch - 12.9 inch.\r\n\r\n\r\n\r\nNhìn chung, Apple hướng đến việc tinh giản trọng lượng đối đa cho iPad, mang đến trải nghiệm mỏng hơn, nhẹ hơn, tiện hơn cho người tiêu dùng. Hiện nay, mẫu iPad Pro 12.9 inch nặng nhất cũng chỉ khoảng 650 gram. \r\n\r\n\r\n\r\niPad sở hữu thiết kế sang trọng, tối giản cùng bảng màu không bao giờ lỗi thời (Ảnh: Internet)\r\n\r\nBên cạnh đó, các dòng iPad đều có màu sắc tối giản, phù hợp với từng đối tượng và mang tính thẩm mỹ thời thượng. Có thể hiểu là dù bạn có dùng 1 chiếc iPad từ 10 năm trước thì đến hiện nay, màu sắc của chúng cũng không lỗi thời. \r\n\r\n \r\n\r\nChip xử lý ngang ngửa với một chiếc MacBook\r\nKể từ thế hệ chip M1 & M2, sắp tới là M3, Apple đã ứng dụng luôn con chip này cho cả MacBook và iPad. Có lẽ về hiệu năng thì không có gì phải bàn cãi khi chúng nhận về đánh giá tích cực của người tiêu dùng sau một thời gian trải nghiệm. Thậm chí, nhiều reviewer cũng nhận định rằng thế hệ iPad chip M2 có thể sử dụng bền bỉ tới 4-5 năm nữa, thậm chí hơn.\r\n\r\niPad cùng sở hữu chip xử lý mạnh mẽ như MacBook (Ảnh: Apple)\r\n\r\nCuộc đua công nghệ này còn có sự góp sức của các đồng minh ứng dụng. Điển hình như Adobe, \"ông lớn\" này đã phát triển vũ trụ phần mềm đồ hoạ “all-in-one” tương thích với iPad để dành cho dân thiết kế. Từ Lightroom, Illustration, Photoshop, Premier, XD… đều có thể dùng trên iPad mà không lo giật, lag nhờ con chip có khả năng cân được kha khá task nặng.\r\n\r\nAdobe phát triển bộ sản phẩm đồ hoạ thích ứng với iPad (Ảnh: Apple)\r\n\r\n \r\nMàn hình “khủng”\r\nMột điểm cộng lớn nữa của iPad hiện nay là được cải tiến lên tới màn hình Liquid Retina XDR cùng khả năng quét lên tới 120Hz, tương đương với một chiếc MacBook Pro. Chưa hết, độ sáng XDR có thể tăng lên tối đa 1600 nits khi xem nội dung HDR, hỗ trợ lên đến 1 tỷ màu, mang đến trải nghiệm cực đã mắt. \r\n\r\nĐối với người dùng đòi hỏi một thiết bị có màn hình yêu cầu độ chuẩn màu cao để chỉnh sửa hình ảnh, edit video mượt mà thì iPad hoàn toàn có thể đáp ứng được. Thậm chí, chúng còn có phần nhanh hơn, tiện lợi hơn MacBook khi sử dụng các ứng dụng hậu kỳ như Capcut.\r\n\r\nBên cạnh đó, màn hình iPad cũng được ứng dụng công nghệ True Tone, tự động theo dõi, điều chỉnh màu sắc và cường độ của màn hình phù hợp với ánh sáng xung quanh. Nhờ có công nghệ này, thiết bị sẽ làm cho hình ảnh trên màn hình hiển thị tự nhiên hơn, hỗ trợ người dùng giảm mỏi mắt trong quá trình sử dụng.\r\n\r\n\r\n\r\nTrải nghiệm chơi game mượt mà trên iPad (Ảnh: Hưng Khúc)\r\n\r\niPad sở hữu màn hình Liquid Retina XDR mang đến trải nghiệm chân thật (Ảnh: Apple)\r\n\r\n \r\n\r\nMacBook có bàn phím. Chẳng sao, iPad cũng tích hợp được, thậm chí nhiều hơn\r\nBước cải tiến đầu tiên giúp iPad tiến gần hơn việc thay thế cho MacBook là khả năng tích hợp 3 thiết bị hỗ trợ: Pencil, Magic Mouse, Magic Keyboard. Tuy có kha khá “tệp đính kèm” nhưng sản phẩm nào Apple cũng khiến chúng ra tấm ra món. \r\n\r\nĐể hoạt động tốt hơn, iPad cần khá nhiều phụ kiện đi kèm (Ảnh: Pinterest)\r\n\r\nTrong trường hợp người dùng là dân văn phòng, học sinh/ sinh viên, với nhu cầu nhẹ gánh như: ghi chép, soạn thảo văn bản, research thông tin, xem phim, chơi game… thì chỉ một chiếc iPad thôi (ai có điều kiện thì \"đóng bộ\" thêm Magic Keyboard) là đủ để “xử đẹp” những các tác vụ này rồi. Hơn nữa, với OS17 hiện nay, người dùng có thể import file PDF lên máy ghi chép và chỉnh sửa trực tiếp trên máy mà không cần... capture màn hình lại như trước đây nữa.\r\n\r\nTrải nghiệm xem phim \"đã mắt\" trên iPad (Ảnh: Hưng Khúc)\r\n\r\niPad có thể thực hiện trơn tru các tác vụ tin học văn phòng cơ bản (Ảnh: Pinterest)\r\n\r\nCòn đối với team đì-zai-nơ cần đồ hoạ khủng cũng không cần lo. Apple thu luôn combo “nặng cân” laptop + wacom bé vừa bằng một chiếc iPad. Kết hợp với Apple Pencil, người dùng có thể thoả sức sáng tạo trên iPad. Mang đi làm, đi cafe, thậm chí đi... combat với client đều tiện. Người dùng có thể sử dụng chiếc app miễn phí có sẵn Freeform để ghi chú, soạn thảo và phác thảo thiết kế. \"Cao cấp\" hơn một chút thì có thể mua đủ một bộ ứng dụng: Procreate và Goodnotes. Đặc biệt, Procreate trên iPad hoàn toàn tạo được motion xịn xò ngay mà không cần phải đụng tới Adobe After Effect. \r\n\r\n\r\n\r\nThiết kế đồ hoạ gói gọn trong một chiếc iPad (Ảnh: Internet)\r\n\r\nKhả năng làm việc mượt mà trên nhiều tab cùng lúc\r\nNếu MacBook có thể chia đôi màn hình thì với OS17, iPad cũng có thể chia đôi màn hình thậm chí thành nhiều phần trong cùng lúc. Thử tưởng tượng, bạn có thể vừa video call, xem Youtube, vừa ghi chép, vừa xem được ảnh trên Pinterest. Còn gì tuyệt vời hơn? \r\n\r\n'),
(13, 'Cách chuyển file Final Cut Pro từ MacBook sang iPad', '0018723_54610-110375-Color-Adjustments-for-Final-Cut-Pro-on-iPad-xl_1600 (1).jpeg', '2023-10-16', 'Final Cut Pro cho iPad đã bỏ qua tính năng đồng bộ nhưng bạn có biết rằng có một cách để có thể chuyển thư viện từ MacBook sang iPad? ShopDunk sẽ chỉ bạn cách ngay sau đây.\r\n\r\nCách di chuyển dự án Final Cut Pro từ  sang  và ngược lại\r\nBước 1: Tạo một dự án mới trên Final Cut Pro.\r\nBước 2: Chỉnh sửa dự án của bạn nếu cần thiết.\r\nBước 3: Nhấn vào nút chia sẻ/Share để xuất dự án Final Cut Pro cho iPad của bạn.\r\nBước 4: AirDrop tệp vào MacBook của bạn, nơi bạn có thể mở tệp trong Final Cut Pro cho Mac và tiếp tục chỉnh sửa.\r\nBước 5: AirDrop gói dự án trở lại iPad từ MacBook của bạn.\r\n\r\nFinal Cut Pro project bundle on Mac');

--
-- Chỉ mục cho các bảng đã đổ
--

--
-- Chỉ mục cho bảng `banner`
--
ALTER TABLE `banner`
  ADD PRIMARY KEY (`id_banner`);

--
-- Chỉ mục cho bảng `binh_luan`
--
ALTER TABLE `binh_luan`
  ADD PRIMARY KEY (`id_binh_luan`);

--
-- Chỉ mục cho bảng `cart`
--
ALTER TABLE `cart`
  ADD PRIMARY KEY (`id_cart`);

--
-- Chỉ mục cho bảng `danh_muc`
--
ALTER TABLE `danh_muc`
  ADD PRIMARY KEY (`id_danh_muc`);

--
-- Chỉ mục cho bảng `hoa_don`
--
ALTER TABLE `hoa_don`
  ADD PRIMARY KEY (`id_hoa_don`);

--
-- Chỉ mục cho bảng `khuyen_mai`
--
ALTER TABLE `khuyen_mai`
  ADD PRIMARY KEY (`id_khuyen_mai`);

--
-- Chỉ mục cho bảng `lien_he`
--
ALTER TABLE `lien_he`
  ADD PRIMARY KEY (`id_lien_he`);

--
-- Chỉ mục cho bảng `phan_quyen`
--
ALTER TABLE `phan_quyen`
  ADD PRIMARY KEY (`id_phan_quyen`);

--
-- Chỉ mục cho bảng `san_pham`
--
ALTER TABLE `san_pham`
  ADD PRIMARY KEY (`id_san_pham`);

--
-- Chỉ mục cho bảng `tai_khoan`
--
ALTER TABLE `tai_khoan`
  ADD PRIMARY KEY (`id_tai_khoan`);

--
-- Chỉ mục cho bảng `tin_tuc`
--
ALTER TABLE `tin_tuc`
  ADD PRIMARY KEY (`id_tin_tuc`);

--
-- AUTO_INCREMENT cho các bảng đã đổ
--

--
-- AUTO_INCREMENT cho bảng `banner`
--
ALTER TABLE `banner`
  MODIFY `id_banner` int(11) NOT NULL AUTO_INCREMENT, AUTO_INCREMENT=22;

--
-- AUTO_INCREMENT cho bảng `binh_luan`
--
ALTER TABLE `binh_luan`
  MODIFY `id_binh_luan` int(11) NOT NULL AUTO_INCREMENT, AUTO_INCREMENT=17;

--
-- AUTO_INCREMENT cho bảng `cart`
--
ALTER TABLE `cart`
  MODIFY `id_cart` int(11) NOT NULL AUTO_INCREMENT, AUTO_INCREMENT=75;

--
-- AUTO_INCREMENT cho bảng `danh_muc`
--
ALTER TABLE `danh_muc`
  MODIFY `id_danh_muc` int(11) NOT NULL AUTO_INCREMENT, AUTO_INCREMENT=28;

--
-- AUTO_INCREMENT cho bảng `hoa_don`
--
ALTER TABLE `hoa_don`
  MODIFY `id_hoa_don` int(11) NOT NULL AUTO_INCREMENT, AUTO_INCREMENT=64;

--
-- AUTO_INCREMENT cho bảng `khuyen_mai`
--
ALTER TABLE `khuyen_mai`
  MODIFY `id_khuyen_mai` int(11) NOT NULL AUTO_INCREMENT, AUTO_INCREMENT=6;

--
-- AUTO_INCREMENT cho bảng `lien_he`
--
ALTER TABLE `lien_he`
  MODIFY `id_lien_he` int(11) NOT NULL AUTO_INCREMENT, AUTO_INCREMENT=16;

--
-- AUTO_INCREMENT cho bảng `phan_quyen`
--
ALTER TABLE `phan_quyen`
  MODIFY `id_phan_quyen` int(11) NOT NULL AUTO_INCREMENT, AUTO_INCREMENT=14;

--
-- AUTO_INCREMENT cho bảng `san_pham`
--
ALTER TABLE `san_pham`
  MODIFY `id_san_pham` int(11) NOT NULL AUTO_INCREMENT, AUTO_INCREMENT=107;

--
-- AUTO_INCREMENT cho bảng `tai_khoan`
--
ALTER TABLE `tai_khoan`
  MODIFY `id_tai_khoan` int(11) NOT NULL AUTO_INCREMENT, AUTO_INCREMENT=33;

--
-- AUTO_INCREMENT cho bảng `tin_tuc`
--
ALTER TABLE `tin_tuc`
  MODIFY `id_tin_tuc` int(11) NOT NULL AUTO_INCREMENT, AUTO_INCREMENT=16;
COMMIT;

/*!40101 SET CHARACTER_SET_CLIENT=@OLD_CHARACTER_SET_CLIENT */;
/*!40101 SET CHARACTER_SET_RESULTS=@OLD_CHARACTER_SET_RESULTS */;
/*!40101 SET COLLATION_CONNECTION=@OLD_COLLATION_CONNECTION */;
